/*
 Navicat Premium Data Transfer

 Source Server         : localhost_3306
 Source Server Type    : MySQL
 Source Server Version : 80018
 Source Host           : localhost:3306
 Source Schema         : lms-db

 Target Server Type    : MySQL
 Target Server Version : 80018
 File Encoding         : 65001

 Date: 05/06/2021 14:05:55
*/

SET NAMES utf8mb4;
SET FOREIGN_KEY_CHECKS = 0;

-- ----------------------------
-- Table structure for admin
-- ----------------------------
DROP TABLE IF EXISTS `admin`;
CREATE TABLE `admin`  (
  `id` int(11) NOT NULL AUTO_INCREMENT,
  `username` varchar(255) CHARACTER SET utf8mb4 COLLATE utf8mb4_turkish_ci NOT NULL,
  `password` varchar(255) CHARACTER SET utf8mb4 COLLATE utf8mb4_turkish_ci NOT NULL,
  PRIMARY KEY (`id`) USING BTREE
) ENGINE = InnoDB AUTO_INCREMENT = 4 CHARACTER SET = utf8mb4 COLLATE = utf8mb4_turkish_ci ROW_FORMAT = Dynamic;

-- ----------------------------
-- Records of admin
-- ----------------------------
INSERT INTO `admin` VALUES (1, 'admin', 'admin');

-- ----------------------------
-- Table structure for departments
-- ----------------------------
DROP TABLE IF EXISTS `departments`;
CREATE TABLE `departments`  (
  `id` int(11) NOT NULL AUTO_INCREMENT,
  `name` varchar(255) CHARACTER SET utf8mb4 COLLATE utf8mb4_turkish_ci NULL DEFAULT NULL,
  PRIMARY KEY (`id`) USING BTREE
) ENGINE = InnoDB AUTO_INCREMENT = 15 CHARACTER SET = utf8mb4 COLLATE = utf8mb4_turkish_ci ROW_FORMAT = Dynamic;

-- ----------------------------
-- Records of departments
-- ----------------------------
INSERT INTO `departments` VALUES (1, 'Bilgisayar Mühendisliği');
INSERT INTO `departments` VALUES (2, 'Çevre Mühendisliği');
INSERT INTO `departments` VALUES (3, 'Çevre Mühendisliği (İngilizce)');
INSERT INTO `departments` VALUES (4, 'Deniz Ulaştırma İşletme Mühendisliği');
INSERT INTO `departments` VALUES (5, 'Elektrik Elektronik Mühendisliği');
INSERT INTO `departments` VALUES (6, 'Endüstri Mühendisliği');
INSERT INTO `departments` VALUES (7, 'İnşaat Mühendisliği');
INSERT INTO `departments` VALUES (8, 'Jeofizik Mühendisliği');
INSERT INTO `departments` VALUES (9, 'Jeoloji Mühendisliği');
INSERT INTO `departments` VALUES (10, 'Kimya Bölümü');
INSERT INTO `departments` VALUES (11, 'Kimya Mühendisliği');
INSERT INTO `departments` VALUES (12, 'Maden Mühendisliği');
INSERT INTO `departments` VALUES (13, 'Makine Mühendisliği');
INSERT INTO `departments` VALUES (14, 'Metalurji ve Malzeme Mühendisliği');
INSERT INTO `departments` VALUES (15, 'Mühendislik Bilimleri');

-- ----------------------------
-- Table structure for departments_lessons
-- ----------------------------
DROP TABLE IF EXISTS `departments_lessons`;
CREATE TABLE `departments_lessons`  (
  `id` int(11) NOT NULL AUTO_INCREMENT,
  `lessons_id` int(11) NOT NULL,
  `department_id` int(11) NOT NULL,
  PRIMARY KEY (`id`) USING BTREE,
  INDEX `FK__Lessons`(`lessons_id`) USING BTREE,
  INDEX `FK__Department`(`department_id`) USING BTREE
) ENGINE = MyISAM AUTO_INCREMENT = 1359 CHARACTER SET = utf8mb4 COLLATE = utf8mb4_turkish_ci ROW_FORMAT = Fixed;

-- ----------------------------
-- Records of departments_lessons
-- ----------------------------
INSERT INTO `departments_lessons` VALUES (1, 1, 1);
INSERT INTO `departments_lessons` VALUES (2, 2, 1);
INSERT INTO `departments_lessons` VALUES (3, 3, 1);
INSERT INTO `departments_lessons` VALUES (4, 4, 1);
INSERT INTO `departments_lessons` VALUES (5, 5, 1);
INSERT INTO `departments_lessons` VALUES (6, 6, 1);
INSERT INTO `departments_lessons` VALUES (7, 7, 1);
INSERT INTO `departments_lessons` VALUES (8, 8, 1);
INSERT INTO `departments_lessons` VALUES (9, 9, 1);
INSERT INTO `departments_lessons` VALUES (10, 10, 1);
INSERT INTO `departments_lessons` VALUES (11, 11, 1);
INSERT INTO `departments_lessons` VALUES (12, 12, 1);
INSERT INTO `departments_lessons` VALUES (13, 13, 1);
INSERT INTO `departments_lessons` VALUES (14, 14, 1);
INSERT INTO `departments_lessons` VALUES (15, 15, 1);
INSERT INTO `departments_lessons` VALUES (16, 16, 1);
INSERT INTO `departments_lessons` VALUES (17, 17, 1);
INSERT INTO `departments_lessons` VALUES (18, 18, 1);
INSERT INTO `departments_lessons` VALUES (19, 19, 1);
INSERT INTO `departments_lessons` VALUES (20, 20, 1);
INSERT INTO `departments_lessons` VALUES (21, 21, 1);
INSERT INTO `departments_lessons` VALUES (22, 22, 1);
INSERT INTO `departments_lessons` VALUES (23, 23, 1);
INSERT INTO `departments_lessons` VALUES (24, 24, 1);
INSERT INTO `departments_lessons` VALUES (25, 25, 1);
INSERT INTO `departments_lessons` VALUES (26, 26, 1);
INSERT INTO `departments_lessons` VALUES (27, 27, 1);
INSERT INTO `departments_lessons` VALUES (28, 28, 1);
INSERT INTO `departments_lessons` VALUES (29, 29, 1);
INSERT INTO `departments_lessons` VALUES (30, 30, 1);
INSERT INTO `departments_lessons` VALUES (31, 31, 1);
INSERT INTO `departments_lessons` VALUES (32, 32, 1);
INSERT INTO `departments_lessons` VALUES (33, 33, 1);
INSERT INTO `departments_lessons` VALUES (34, 34, 1);
INSERT INTO `departments_lessons` VALUES (35, 35, 1);
INSERT INTO `departments_lessons` VALUES (36, 36, 1);
INSERT INTO `departments_lessons` VALUES (37, 37, 1);
INSERT INTO `departments_lessons` VALUES (38, 38, 1);
INSERT INTO `departments_lessons` VALUES (39, 39, 1);
INSERT INTO `departments_lessons` VALUES (40, 40, 1);
INSERT INTO `departments_lessons` VALUES (41, 41, 1);
INSERT INTO `departments_lessons` VALUES (42, 42, 1);
INSERT INTO `departments_lessons` VALUES (43, 43, 1);
INSERT INTO `departments_lessons` VALUES (44, 44, 1);
INSERT INTO `departments_lessons` VALUES (45, 45, 1);
INSERT INTO `departments_lessons` VALUES (46, 46, 1);
INSERT INTO `departments_lessons` VALUES (47, 47, 1);
INSERT INTO `departments_lessons` VALUES (48, 48, 1);
INSERT INTO `departments_lessons` VALUES (49, 49, 1);
INSERT INTO `departments_lessons` VALUES (50, 50, 1);
INSERT INTO `departments_lessons` VALUES (51, 51, 1);
INSERT INTO `departments_lessons` VALUES (52, 52, 1);
INSERT INTO `departments_lessons` VALUES (53, 53, 1);
INSERT INTO `departments_lessons` VALUES (54, 54, 1);
INSERT INTO `departments_lessons` VALUES (55, 55, 1);
INSERT INTO `departments_lessons` VALUES (56, 56, 1);
INSERT INTO `departments_lessons` VALUES (57, 57, 1);
INSERT INTO `departments_lessons` VALUES (58, 58, 1);
INSERT INTO `departments_lessons` VALUES (59, 59, 1);
INSERT INTO `departments_lessons` VALUES (60, 60, 1);
INSERT INTO `departments_lessons` VALUES (61, 61, 1);
INSERT INTO `departments_lessons` VALUES (62, 62, 1);
INSERT INTO `departments_lessons` VALUES (63, 63, 1);
INSERT INTO `departments_lessons` VALUES (64, 64, 1);
INSERT INTO `departments_lessons` VALUES (65, 65, 1);
INSERT INTO `departments_lessons` VALUES (66, 66, 1);
INSERT INTO `departments_lessons` VALUES (67, 67, 1);
INSERT INTO `departments_lessons` VALUES (68, 68, 1);
INSERT INTO `departments_lessons` VALUES (69, 69, 1);
INSERT INTO `departments_lessons` VALUES (70, 70, 1);
INSERT INTO `departments_lessons` VALUES (71, 71, 1);
INSERT INTO `departments_lessons` VALUES (72, 72, 1);
INSERT INTO `departments_lessons` VALUES (73, 73, 1);
INSERT INTO `departments_lessons` VALUES (74, 74, 1);
INSERT INTO `departments_lessons` VALUES (75, 75, 1);
INSERT INTO `departments_lessons` VALUES (76, 76, 1);
INSERT INTO `departments_lessons` VALUES (77, 77, 1);
INSERT INTO `departments_lessons` VALUES (78, 78, 1);
INSERT INTO `departments_lessons` VALUES (79, 79, 1);
INSERT INTO `departments_lessons` VALUES (80, 86, 1);
INSERT INTO `departments_lessons` VALUES (81, 93, 1);
INSERT INTO `departments_lessons` VALUES (82, 94, 1);
INSERT INTO `departments_lessons` VALUES (83, 95, 1);
INSERT INTO `departments_lessons` VALUES (84, 80, 2);
INSERT INTO `departments_lessons` VALUES (85, 81, 2);
INSERT INTO `departments_lessons` VALUES (86, 82, 2);
INSERT INTO `departments_lessons` VALUES (87, 83, 2);
INSERT INTO `departments_lessons` VALUES (88, 84, 2);
INSERT INTO `departments_lessons` VALUES (89, 85, 2);
INSERT INTO `departments_lessons` VALUES (90, 86, 2);
INSERT INTO `departments_lessons` VALUES (91, 87, 2);
INSERT INTO `departments_lessons` VALUES (92, 88, 2);
INSERT INTO `departments_lessons` VALUES (93, 89, 2);
INSERT INTO `departments_lessons` VALUES (94, 90, 2);
INSERT INTO `departments_lessons` VALUES (95, 91, 2);
INSERT INTO `departments_lessons` VALUES (96, 92, 2);
INSERT INTO `departments_lessons` VALUES (97, 93, 2);
INSERT INTO `departments_lessons` VALUES (98, 94, 2);
INSERT INTO `departments_lessons` VALUES (99, 95, 2);
INSERT INTO `departments_lessons` VALUES (100, 96, 2);
INSERT INTO `departments_lessons` VALUES (101, 97, 2);
INSERT INTO `departments_lessons` VALUES (102, 98, 2);
INSERT INTO `departments_lessons` VALUES (103, 99, 2);
INSERT INTO `departments_lessons` VALUES (104, 100, 2);
INSERT INTO `departments_lessons` VALUES (105, 101, 2);
INSERT INTO `departments_lessons` VALUES (106, 102, 2);
INSERT INTO `departments_lessons` VALUES (107, 103, 2);
INSERT INTO `departments_lessons` VALUES (108, 104, 2);
INSERT INTO `departments_lessons` VALUES (109, 105, 2);
INSERT INTO `departments_lessons` VALUES (110, 106, 2);
INSERT INTO `departments_lessons` VALUES (111, 107, 2);
INSERT INTO `departments_lessons` VALUES (112, 108, 2);
INSERT INTO `departments_lessons` VALUES (113, 109, 2);
INSERT INTO `departments_lessons` VALUES (114, 110, 2);
INSERT INTO `departments_lessons` VALUES (115, 111, 2);
INSERT INTO `departments_lessons` VALUES (116, 112, 2);
INSERT INTO `departments_lessons` VALUES (117, 113, 2);
INSERT INTO `departments_lessons` VALUES (118, 114, 2);
INSERT INTO `departments_lessons` VALUES (119, 115, 2);
INSERT INTO `departments_lessons` VALUES (120, 116, 2);
INSERT INTO `departments_lessons` VALUES (121, 117, 2);
INSERT INTO `departments_lessons` VALUES (122, 118, 2);
INSERT INTO `departments_lessons` VALUES (123, 119, 2);
INSERT INTO `departments_lessons` VALUES (124, 120, 2);
INSERT INTO `departments_lessons` VALUES (125, 121, 2);
INSERT INTO `departments_lessons` VALUES (126, 122, 2);
INSERT INTO `departments_lessons` VALUES (127, 123, 2);
INSERT INTO `departments_lessons` VALUES (128, 124, 2);
INSERT INTO `departments_lessons` VALUES (129, 125, 2);
INSERT INTO `departments_lessons` VALUES (130, 126, 2);
INSERT INTO `departments_lessons` VALUES (131, 127, 2);
INSERT INTO `departments_lessons` VALUES (132, 128, 2);
INSERT INTO `departments_lessons` VALUES (133, 129, 2);
INSERT INTO `departments_lessons` VALUES (134, 130, 2);
INSERT INTO `departments_lessons` VALUES (135, 131, 2);
INSERT INTO `departments_lessons` VALUES (136, 132, 2);
INSERT INTO `departments_lessons` VALUES (137, 133, 2);
INSERT INTO `departments_lessons` VALUES (138, 134, 2);
INSERT INTO `departments_lessons` VALUES (139, 135, 2);
INSERT INTO `departments_lessons` VALUES (140, 136, 2);
INSERT INTO `departments_lessons` VALUES (141, 137, 2);
INSERT INTO `departments_lessons` VALUES (142, 138, 2);
INSERT INTO `departments_lessons` VALUES (143, 139, 2);
INSERT INTO `departments_lessons` VALUES (144, 140, 2);
INSERT INTO `departments_lessons` VALUES (145, 141, 2);
INSERT INTO `departments_lessons` VALUES (146, 142, 2);
INSERT INTO `departments_lessons` VALUES (147, 143, 2);
INSERT INTO `departments_lessons` VALUES (148, 144, 2);
INSERT INTO `departments_lessons` VALUES (149, 145, 2);
INSERT INTO `departments_lessons` VALUES (150, 146, 2);
INSERT INTO `departments_lessons` VALUES (151, 147, 2);
INSERT INTO `departments_lessons` VALUES (152, 148, 2);
INSERT INTO `departments_lessons` VALUES (153, 149, 2);
INSERT INTO `departments_lessons` VALUES (154, 150, 2);
INSERT INTO `departments_lessons` VALUES (155, 151, 2);
INSERT INTO `departments_lessons` VALUES (156, 152, 2);
INSERT INTO `departments_lessons` VALUES (157, 153, 2);
INSERT INTO `departments_lessons` VALUES (158, 154, 2);
INSERT INTO `departments_lessons` VALUES (159, 155, 2);
INSERT INTO `departments_lessons` VALUES (160, 156, 2);
INSERT INTO `departments_lessons` VALUES (161, 157, 2);
INSERT INTO `departments_lessons` VALUES (162, 158, 2);
INSERT INTO `departments_lessons` VALUES (163, 159, 2);
INSERT INTO `departments_lessons` VALUES (164, 160, 2);
INSERT INTO `departments_lessons` VALUES (165, 161, 2);
INSERT INTO `departments_lessons` VALUES (166, 162, 2);
INSERT INTO `departments_lessons` VALUES (167, 163, 2);
INSERT INTO `departments_lessons` VALUES (168, 164, 2);
INSERT INTO `departments_lessons` VALUES (169, 165, 2);
INSERT INTO `departments_lessons` VALUES (170, 166, 2);
INSERT INTO `departments_lessons` VALUES (171, 167, 2);
INSERT INTO `departments_lessons` VALUES (172, 168, 2);
INSERT INTO `departments_lessons` VALUES (173, 169, 2);
INSERT INTO `departments_lessons` VALUES (174, 170, 2);
INSERT INTO `departments_lessons` VALUES (175, 171, 2);
INSERT INTO `departments_lessons` VALUES (176, 172, 2);
INSERT INTO `departments_lessons` VALUES (177, 173, 2);
INSERT INTO `departments_lessons` VALUES (178, 174, 2);
INSERT INTO `departments_lessons` VALUES (179, 175, 2);
INSERT INTO `departments_lessons` VALUES (180, 176, 2);
INSERT INTO `departments_lessons` VALUES (181, 177, 2);
INSERT INTO `departments_lessons` VALUES (182, 178, 2);
INSERT INTO `departments_lessons` VALUES (183, 179, 2);
INSERT INTO `departments_lessons` VALUES (184, 180, 2);
INSERT INTO `departments_lessons` VALUES (185, 181, 2);
INSERT INTO `departments_lessons` VALUES (186, 182, 3);
INSERT INTO `departments_lessons` VALUES (187, 183, 3);
INSERT INTO `departments_lessons` VALUES (188, 184, 3);
INSERT INTO `departments_lessons` VALUES (189, 185, 3);
INSERT INTO `departments_lessons` VALUES (190, 186, 3);
INSERT INTO `departments_lessons` VALUES (191, 187, 3);
INSERT INTO `departments_lessons` VALUES (192, 188, 3);
INSERT INTO `departments_lessons` VALUES (193, 189, 3);
INSERT INTO `departments_lessons` VALUES (194, 190, 3);
INSERT INTO `departments_lessons` VALUES (195, 191, 3);
INSERT INTO `departments_lessons` VALUES (196, 192, 3);
INSERT INTO `departments_lessons` VALUES (197, 193, 3);
INSERT INTO `departments_lessons` VALUES (198, 194, 3);
INSERT INTO `departments_lessons` VALUES (199, 195, 3);
INSERT INTO `departments_lessons` VALUES (200, 196, 3);
INSERT INTO `departments_lessons` VALUES (201, 197, 3);
INSERT INTO `departments_lessons` VALUES (202, 198, 3);
INSERT INTO `departments_lessons` VALUES (203, 199, 3);
INSERT INTO `departments_lessons` VALUES (204, 200, 3);
INSERT INTO `departments_lessons` VALUES (205, 201, 3);
INSERT INTO `departments_lessons` VALUES (206, 202, 3);
INSERT INTO `departments_lessons` VALUES (207, 203, 3);
INSERT INTO `departments_lessons` VALUES (208, 204, 3);
INSERT INTO `departments_lessons` VALUES (209, 205, 3);
INSERT INTO `departments_lessons` VALUES (210, 206, 3);
INSERT INTO `departments_lessons` VALUES (211, 207, 3);
INSERT INTO `departments_lessons` VALUES (212, 208, 3);
INSERT INTO `departments_lessons` VALUES (213, 209, 3);
INSERT INTO `departments_lessons` VALUES (214, 210, 3);
INSERT INTO `departments_lessons` VALUES (215, 211, 3);
INSERT INTO `departments_lessons` VALUES (216, 212, 3);
INSERT INTO `departments_lessons` VALUES (217, 213, 3);
INSERT INTO `departments_lessons` VALUES (218, 214, 3);
INSERT INTO `departments_lessons` VALUES (219, 215, 3);
INSERT INTO `departments_lessons` VALUES (220, 216, 3);
INSERT INTO `departments_lessons` VALUES (221, 217, 3);
INSERT INTO `departments_lessons` VALUES (222, 218, 3);
INSERT INTO `departments_lessons` VALUES (223, 219, 3);
INSERT INTO `departments_lessons` VALUES (224, 220, 3);
INSERT INTO `departments_lessons` VALUES (225, 221, 3);
INSERT INTO `departments_lessons` VALUES (226, 222, 3);
INSERT INTO `departments_lessons` VALUES (227, 223, 3);
INSERT INTO `departments_lessons` VALUES (228, 224, 3);
INSERT INTO `departments_lessons` VALUES (229, 225, 3);
INSERT INTO `departments_lessons` VALUES (230, 226, 3);
INSERT INTO `departments_lessons` VALUES (231, 227, 3);
INSERT INTO `departments_lessons` VALUES (232, 228, 3);
INSERT INTO `departments_lessons` VALUES (233, 229, 3);
INSERT INTO `departments_lessons` VALUES (234, 230, 3);
INSERT INTO `departments_lessons` VALUES (235, 231, 3);
INSERT INTO `departments_lessons` VALUES (236, 232, 3);
INSERT INTO `departments_lessons` VALUES (237, 233, 3);
INSERT INTO `departments_lessons` VALUES (238, 234, 3);
INSERT INTO `departments_lessons` VALUES (239, 235, 3);
INSERT INTO `departments_lessons` VALUES (240, 236, 3);
INSERT INTO `departments_lessons` VALUES (241, 237, 3);
INSERT INTO `departments_lessons` VALUES (242, 238, 3);
INSERT INTO `departments_lessons` VALUES (243, 239, 3);
INSERT INTO `departments_lessons` VALUES (244, 240, 3);
INSERT INTO `departments_lessons` VALUES (245, 241, 3);
INSERT INTO `departments_lessons` VALUES (246, 242, 3);
INSERT INTO `departments_lessons` VALUES (247, 243, 3);
INSERT INTO `departments_lessons` VALUES (248, 244, 3);
INSERT INTO `departments_lessons` VALUES (249, 245, 3);
INSERT INTO `departments_lessons` VALUES (250, 246, 3);
INSERT INTO `departments_lessons` VALUES (251, 247, 3);
INSERT INTO `departments_lessons` VALUES (252, 248, 3);
INSERT INTO `departments_lessons` VALUES (253, 249, 3);
INSERT INTO `departments_lessons` VALUES (254, 250, 3);
INSERT INTO `departments_lessons` VALUES (255, 251, 3);
INSERT INTO `departments_lessons` VALUES (256, 252, 3);
INSERT INTO `departments_lessons` VALUES (257, 253, 3);
INSERT INTO `departments_lessons` VALUES (258, 254, 3);
INSERT INTO `departments_lessons` VALUES (259, 255, 3);
INSERT INTO `departments_lessons` VALUES (260, 256, 3);
INSERT INTO `departments_lessons` VALUES (261, 257, 3);
INSERT INTO `departments_lessons` VALUES (262, 258, 3);
INSERT INTO `departments_lessons` VALUES (263, 259, 3);
INSERT INTO `departments_lessons` VALUES (264, 260, 3);
INSERT INTO `departments_lessons` VALUES (265, 261, 3);
INSERT INTO `departments_lessons` VALUES (266, 262, 3);
INSERT INTO `departments_lessons` VALUES (267, 263, 3);
INSERT INTO `departments_lessons` VALUES (268, 264, 3);
INSERT INTO `departments_lessons` VALUES (269, 265, 3);
INSERT INTO `departments_lessons` VALUES (270, 266, 3);
INSERT INTO `departments_lessons` VALUES (271, 267, 3);
INSERT INTO `departments_lessons` VALUES (272, 268, 3);
INSERT INTO `departments_lessons` VALUES (273, 269, 3);
INSERT INTO `departments_lessons` VALUES (274, 270, 3);
INSERT INTO `departments_lessons` VALUES (275, 271, 3);
INSERT INTO `departments_lessons` VALUES (276, 272, 3);
INSERT INTO `departments_lessons` VALUES (277, 273, 3);
INSERT INTO `departments_lessons` VALUES (278, 274, 3);
INSERT INTO `departments_lessons` VALUES (279, 275, 3);
INSERT INTO `departments_lessons` VALUES (280, 276, 3);
INSERT INTO `departments_lessons` VALUES (281, 277, 3);
INSERT INTO `departments_lessons` VALUES (282, 278, 3);
INSERT INTO `departments_lessons` VALUES (283, 279, 3);
INSERT INTO `departments_lessons` VALUES (284, 280, 3);
INSERT INTO `departments_lessons` VALUES (285, 281, 3);
INSERT INTO `departments_lessons` VALUES (286, 282, 3);
INSERT INTO `departments_lessons` VALUES (287, 283, 3);
INSERT INTO `departments_lessons` VALUES (288, 284, 3);
INSERT INTO `departments_lessons` VALUES (289, 285, 3);
INSERT INTO `departments_lessons` VALUES (290, 286, 4);
INSERT INTO `departments_lessons` VALUES (291, 287, 4);
INSERT INTO `departments_lessons` VALUES (292, 288, 4);
INSERT INTO `departments_lessons` VALUES (293, 289, 4);
INSERT INTO `departments_lessons` VALUES (294, 290, 4);
INSERT INTO `departments_lessons` VALUES (295, 291, 4);
INSERT INTO `departments_lessons` VALUES (296, 292, 4);
INSERT INTO `departments_lessons` VALUES (297, 293, 4);
INSERT INTO `departments_lessons` VALUES (298, 294, 4);
INSERT INTO `departments_lessons` VALUES (299, 295, 4);
INSERT INTO `departments_lessons` VALUES (300, 296, 4);
INSERT INTO `departments_lessons` VALUES (301, 297, 4);
INSERT INTO `departments_lessons` VALUES (302, 298, 4);
INSERT INTO `departments_lessons` VALUES (303, 299, 4);
INSERT INTO `departments_lessons` VALUES (304, 300, 4);
INSERT INTO `departments_lessons` VALUES (305, 301, 4);
INSERT INTO `departments_lessons` VALUES (306, 302, 4);
INSERT INTO `departments_lessons` VALUES (307, 303, 4);
INSERT INTO `departments_lessons` VALUES (308, 304, 4);
INSERT INTO `departments_lessons` VALUES (309, 305, 4);
INSERT INTO `departments_lessons` VALUES (310, 306, 4);
INSERT INTO `departments_lessons` VALUES (311, 307, 4);
INSERT INTO `departments_lessons` VALUES (312, 308, 4);
INSERT INTO `departments_lessons` VALUES (313, 309, 4);
INSERT INTO `departments_lessons` VALUES (314, 310, 4);
INSERT INTO `departments_lessons` VALUES (315, 311, 4);
INSERT INTO `departments_lessons` VALUES (316, 312, 4);
INSERT INTO `departments_lessons` VALUES (317, 313, 4);
INSERT INTO `departments_lessons` VALUES (318, 314, 4);
INSERT INTO `departments_lessons` VALUES (319, 315, 4);
INSERT INTO `departments_lessons` VALUES (320, 316, 4);
INSERT INTO `departments_lessons` VALUES (321, 317, 4);
INSERT INTO `departments_lessons` VALUES (322, 318, 4);
INSERT INTO `departments_lessons` VALUES (323, 319, 4);
INSERT INTO `departments_lessons` VALUES (324, 320, 4);
INSERT INTO `departments_lessons` VALUES (325, 321, 4);
INSERT INTO `departments_lessons` VALUES (326, 322, 4);
INSERT INTO `departments_lessons` VALUES (327, 323, 4);
INSERT INTO `departments_lessons` VALUES (328, 324, 4);
INSERT INTO `departments_lessons` VALUES (329, 325, 4);
INSERT INTO `departments_lessons` VALUES (330, 326, 4);
INSERT INTO `departments_lessons` VALUES (331, 327, 4);
INSERT INTO `departments_lessons` VALUES (332, 328, 4);
INSERT INTO `departments_lessons` VALUES (333, 329, 4);
INSERT INTO `departments_lessons` VALUES (334, 330, 4);
INSERT INTO `departments_lessons` VALUES (335, 331, 4);
INSERT INTO `departments_lessons` VALUES (336, 332, 4);
INSERT INTO `departments_lessons` VALUES (337, 333, 4);
INSERT INTO `departments_lessons` VALUES (338, 334, 4);
INSERT INTO `departments_lessons` VALUES (339, 335, 4);
INSERT INTO `departments_lessons` VALUES (340, 336, 4);
INSERT INTO `departments_lessons` VALUES (341, 337, 4);
INSERT INTO `departments_lessons` VALUES (342, 338, 4);
INSERT INTO `departments_lessons` VALUES (343, 339, 4);
INSERT INTO `departments_lessons` VALUES (344, 340, 4);
INSERT INTO `departments_lessons` VALUES (345, 341, 4);
INSERT INTO `departments_lessons` VALUES (346, 342, 4);
INSERT INTO `departments_lessons` VALUES (347, 343, 4);
INSERT INTO `departments_lessons` VALUES (348, 344, 4);
INSERT INTO `departments_lessons` VALUES (349, 345, 4);
INSERT INTO `departments_lessons` VALUES (350, 346, 4);
INSERT INTO `departments_lessons` VALUES (351, 347, 4);
INSERT INTO `departments_lessons` VALUES (352, 348, 4);
INSERT INTO `departments_lessons` VALUES (353, 349, 4);
INSERT INTO `departments_lessons` VALUES (354, 350, 4);
INSERT INTO `departments_lessons` VALUES (355, 351, 4);
INSERT INTO `departments_lessons` VALUES (356, 352, 4);
INSERT INTO `departments_lessons` VALUES (357, 353, 4);
INSERT INTO `departments_lessons` VALUES (358, 354, 4);
INSERT INTO `departments_lessons` VALUES (359, 355, 4);
INSERT INTO `departments_lessons` VALUES (360, 356, 4);
INSERT INTO `departments_lessons` VALUES (361, 357, 4);
INSERT INTO `departments_lessons` VALUES (362, 358, 4);
INSERT INTO `departments_lessons` VALUES (363, 359, 4);
INSERT INTO `departments_lessons` VALUES (364, 360, 4);
INSERT INTO `departments_lessons` VALUES (365, 361, 4);
INSERT INTO `departments_lessons` VALUES (366, 362, 4);
INSERT INTO `departments_lessons` VALUES (367, 363, 4);
INSERT INTO `departments_lessons` VALUES (368, 364, 4);
INSERT INTO `departments_lessons` VALUES (369, 365, 4);
INSERT INTO `departments_lessons` VALUES (370, 366, 4);
INSERT INTO `departments_lessons` VALUES (371, 367, 4);
INSERT INTO `departments_lessons` VALUES (372, 368, 4);
INSERT INTO `departments_lessons` VALUES (373, 369, 4);
INSERT INTO `departments_lessons` VALUES (374, 370, 4);
INSERT INTO `departments_lessons` VALUES (375, 371, 4);
INSERT INTO `departments_lessons` VALUES (376, 372, 4);
INSERT INTO `departments_lessons` VALUES (377, 373, 4);
INSERT INTO `departments_lessons` VALUES (378, 374, 4);
INSERT INTO `departments_lessons` VALUES (379, 375, 4);
INSERT INTO `departments_lessons` VALUES (380, 376, 4);
INSERT INTO `departments_lessons` VALUES (381, 377, 4);
INSERT INTO `departments_lessons` VALUES (382, 378, 4);
INSERT INTO `departments_lessons` VALUES (383, 379, 4);
INSERT INTO `departments_lessons` VALUES (384, 380, 4);
INSERT INTO `departments_lessons` VALUES (385, 381, 4);
INSERT INTO `departments_lessons` VALUES (386, 382, 4);
INSERT INTO `departments_lessons` VALUES (387, 383, 4);
INSERT INTO `departments_lessons` VALUES (388, 384, 4);
INSERT INTO `departments_lessons` VALUES (389, 385, 4);
INSERT INTO `departments_lessons` VALUES (390, 386, 4);
INSERT INTO `departments_lessons` VALUES (391, 387, 4);
INSERT INTO `departments_lessons` VALUES (392, 388, 4);
INSERT INTO `departments_lessons` VALUES (393, 389, 4);
INSERT INTO `departments_lessons` VALUES (394, 390, 4);
INSERT INTO `departments_lessons` VALUES (395, 391, 4);
INSERT INTO `departments_lessons` VALUES (396, 392, 4);
INSERT INTO `departments_lessons` VALUES (397, 393, 4);
INSERT INTO `departments_lessons` VALUES (398, 394, 4);
INSERT INTO `departments_lessons` VALUES (399, 395, 4);
INSERT INTO `departments_lessons` VALUES (400, 396, 4);
INSERT INTO `departments_lessons` VALUES (401, 397, 4);
INSERT INTO `departments_lessons` VALUES (402, 398, 4);
INSERT INTO `departments_lessons` VALUES (403, 399, 4);
INSERT INTO `departments_lessons` VALUES (404, 400, 4);
INSERT INTO `departments_lessons` VALUES (405, 401, 4);
INSERT INTO `departments_lessons` VALUES (406, 402, 4);
INSERT INTO `departments_lessons` VALUES (407, 403, 4);
INSERT INTO `departments_lessons` VALUES (408, 404, 4);
INSERT INTO `departments_lessons` VALUES (409, 405, 4);
INSERT INTO `departments_lessons` VALUES (410, 406, 4);
INSERT INTO `departments_lessons` VALUES (411, 407, 4);
INSERT INTO `departments_lessons` VALUES (412, 408, 4);
INSERT INTO `departments_lessons` VALUES (413, 409, 4);
INSERT INTO `departments_lessons` VALUES (414, 410, 4);
INSERT INTO `departments_lessons` VALUES (415, 411, 4);
INSERT INTO `departments_lessons` VALUES (416, 412, 4);
INSERT INTO `departments_lessons` VALUES (417, 413, 5);
INSERT INTO `departments_lessons` VALUES (418, 414, 5);
INSERT INTO `departments_lessons` VALUES (419, 415, 5);
INSERT INTO `departments_lessons` VALUES (420, 416, 5);
INSERT INTO `departments_lessons` VALUES (421, 417, 5);
INSERT INTO `departments_lessons` VALUES (422, 418, 5);
INSERT INTO `departments_lessons` VALUES (423, 419, 5);
INSERT INTO `departments_lessons` VALUES (424, 420, 5);
INSERT INTO `departments_lessons` VALUES (425, 421, 5);
INSERT INTO `departments_lessons` VALUES (426, 422, 5);
INSERT INTO `departments_lessons` VALUES (427, 423, 5);
INSERT INTO `departments_lessons` VALUES (428, 424, 5);
INSERT INTO `departments_lessons` VALUES (429, 425, 5);
INSERT INTO `departments_lessons` VALUES (430, 426, 5);
INSERT INTO `departments_lessons` VALUES (431, 427, 5);
INSERT INTO `departments_lessons` VALUES (432, 428, 5);
INSERT INTO `departments_lessons` VALUES (433, 429, 5);
INSERT INTO `departments_lessons` VALUES (434, 430, 5);
INSERT INTO `departments_lessons` VALUES (435, 431, 5);
INSERT INTO `departments_lessons` VALUES (436, 432, 5);
INSERT INTO `departments_lessons` VALUES (437, 433, 5);
INSERT INTO `departments_lessons` VALUES (438, 434, 5);
INSERT INTO `departments_lessons` VALUES (439, 435, 5);
INSERT INTO `departments_lessons` VALUES (440, 436, 5);
INSERT INTO `departments_lessons` VALUES (441, 437, 5);
INSERT INTO `departments_lessons` VALUES (442, 438, 5);
INSERT INTO `departments_lessons` VALUES (443, 439, 5);
INSERT INTO `departments_lessons` VALUES (444, 440, 5);
INSERT INTO `departments_lessons` VALUES (445, 441, 5);
INSERT INTO `departments_lessons` VALUES (446, 442, 5);
INSERT INTO `departments_lessons` VALUES (447, 443, 5);
INSERT INTO `departments_lessons` VALUES (448, 444, 5);
INSERT INTO `departments_lessons` VALUES (449, 445, 5);
INSERT INTO `departments_lessons` VALUES (450, 446, 5);
INSERT INTO `departments_lessons` VALUES (451, 447, 5);
INSERT INTO `departments_lessons` VALUES (452, 448, 5);
INSERT INTO `departments_lessons` VALUES (453, 449, 5);
INSERT INTO `departments_lessons` VALUES (454, 450, 5);
INSERT INTO `departments_lessons` VALUES (455, 451, 5);
INSERT INTO `departments_lessons` VALUES (456, 452, 5);
INSERT INTO `departments_lessons` VALUES (457, 453, 5);
INSERT INTO `departments_lessons` VALUES (458, 454, 5);
INSERT INTO `departments_lessons` VALUES (459, 455, 5);
INSERT INTO `departments_lessons` VALUES (460, 456, 5);
INSERT INTO `departments_lessons` VALUES (461, 457, 5);
INSERT INTO `departments_lessons` VALUES (462, 458, 5);
INSERT INTO `departments_lessons` VALUES (463, 459, 5);
INSERT INTO `departments_lessons` VALUES (464, 460, 5);
INSERT INTO `departments_lessons` VALUES (465, 461, 5);
INSERT INTO `departments_lessons` VALUES (466, 462, 5);
INSERT INTO `departments_lessons` VALUES (467, 463, 5);
INSERT INTO `departments_lessons` VALUES (468, 464, 5);
INSERT INTO `departments_lessons` VALUES (469, 465, 5);
INSERT INTO `departments_lessons` VALUES (470, 466, 5);
INSERT INTO `departments_lessons` VALUES (471, 467, 5);
INSERT INTO `departments_lessons` VALUES (472, 468, 5);
INSERT INTO `departments_lessons` VALUES (473, 469, 5);
INSERT INTO `departments_lessons` VALUES (474, 470, 5);
INSERT INTO `departments_lessons` VALUES (475, 471, 5);
INSERT INTO `departments_lessons` VALUES (476, 472, 5);
INSERT INTO `departments_lessons` VALUES (477, 473, 5);
INSERT INTO `departments_lessons` VALUES (478, 474, 5);
INSERT INTO `departments_lessons` VALUES (479, 475, 5);
INSERT INTO `departments_lessons` VALUES (480, 476, 5);
INSERT INTO `departments_lessons` VALUES (481, 477, 5);
INSERT INTO `departments_lessons` VALUES (482, 478, 5);
INSERT INTO `departments_lessons` VALUES (483, 479, 5);
INSERT INTO `departments_lessons` VALUES (484, 480, 5);
INSERT INTO `departments_lessons` VALUES (485, 481, 5);
INSERT INTO `departments_lessons` VALUES (486, 482, 5);
INSERT INTO `departments_lessons` VALUES (487, 483, 5);
INSERT INTO `departments_lessons` VALUES (488, 484, 5);
INSERT INTO `departments_lessons` VALUES (489, 485, 5);
INSERT INTO `departments_lessons` VALUES (490, 486, 5);
INSERT INTO `departments_lessons` VALUES (491, 487, 5);
INSERT INTO `departments_lessons` VALUES (492, 81, 1);
INSERT INTO `departments_lessons` VALUES (493, 82, 1);
INSERT INTO `departments_lessons` VALUES (494, 8, 2);
INSERT INTO `departments_lessons` VALUES (495, 16, 2);
INSERT INTO `departments_lessons` VALUES (496, 4, 2);
INSERT INTO `departments_lessons` VALUES (497, 12, 2);
INSERT INTO `departments_lessons` VALUES (498, 3, 4);
INSERT INTO `departments_lessons` VALUES (499, 4, 4);
INSERT INTO `departments_lessons` VALUES (500, 8, 4);
INSERT INTO `departments_lessons` VALUES (501, 11, 4);
INSERT INTO `departments_lessons` VALUES (502, 12, 4);
INSERT INTO `departments_lessons` VALUES (503, 16, 4);
INSERT INTO `departments_lessons` VALUES (504, 81, 4);
INSERT INTO `departments_lessons` VALUES (505, 82, 4);
INSERT INTO `departments_lessons` VALUES (506, 86, 4);
INSERT INTO `departments_lessons` VALUES (507, 95, 4);
INSERT INTO `departments_lessons` VALUES (508, 93, 4);
INSERT INTO `departments_lessons` VALUES (509, 94, 4);
INSERT INTO `departments_lessons` VALUES (510, 4, 5);
INSERT INTO `departments_lessons` VALUES (511, 8, 5);
INSERT INTO `departments_lessons` VALUES (512, 12, 5);
INSERT INTO `departments_lessons` VALUES (513, 16, 5);
INSERT INTO `departments_lessons` VALUES (514, 81, 5);
INSERT INTO `departments_lessons` VALUES (515, 82, 5);
INSERT INTO `departments_lessons` VALUES (516, 93, 5);
INSERT INTO `departments_lessons` VALUES (517, 94, 5);
INSERT INTO `departments_lessons` VALUES (518, 3, 6);
INSERT INTO `departments_lessons` VALUES (519, 4, 6);
INSERT INTO `departments_lessons` VALUES (520, 8, 6);
INSERT INTO `departments_lessons` VALUES (521, 11, 6);
INSERT INTO `departments_lessons` VALUES (522, 12, 6);
INSERT INTO `departments_lessons` VALUES (523, 16, 6);
INSERT INTO `departments_lessons` VALUES (524, 81, 6);
INSERT INTO `departments_lessons` VALUES (525, 82, 6);
INSERT INTO `departments_lessons` VALUES (526, 93, 6);
INSERT INTO `departments_lessons` VALUES (527, 94, 6);
INSERT INTO `departments_lessons` VALUES (528, 489, 6);
INSERT INTO `departments_lessons` VALUES (529, 490, 6);
INSERT INTO `departments_lessons` VALUES (530, 491, 6);
INSERT INTO `departments_lessons` VALUES (531, 492, 6);
INSERT INTO `departments_lessons` VALUES (532, 493, 6);
INSERT INTO `departments_lessons` VALUES (533, 494, 6);
INSERT INTO `departments_lessons` VALUES (534, 495, 6);
INSERT INTO `departments_lessons` VALUES (535, 496, 6);
INSERT INTO `departments_lessons` VALUES (536, 497, 6);
INSERT INTO `departments_lessons` VALUES (537, 498, 6);
INSERT INTO `departments_lessons` VALUES (538, 499, 6);
INSERT INTO `departments_lessons` VALUES (539, 500, 6);
INSERT INTO `departments_lessons` VALUES (540, 501, 6);
INSERT INTO `departments_lessons` VALUES (541, 502, 6);
INSERT INTO `departments_lessons` VALUES (542, 503, 6);
INSERT INTO `departments_lessons` VALUES (543, 504, 6);
INSERT INTO `departments_lessons` VALUES (544, 505, 6);
INSERT INTO `departments_lessons` VALUES (545, 506, 6);
INSERT INTO `departments_lessons` VALUES (546, 507, 6);
INSERT INTO `departments_lessons` VALUES (547, 508, 6);
INSERT INTO `departments_lessons` VALUES (548, 509, 6);
INSERT INTO `departments_lessons` VALUES (549, 510, 6);
INSERT INTO `departments_lessons` VALUES (550, 511, 6);
INSERT INTO `departments_lessons` VALUES (551, 512, 6);
INSERT INTO `departments_lessons` VALUES (552, 513, 6);
INSERT INTO `departments_lessons` VALUES (553, 514, 6);
INSERT INTO `departments_lessons` VALUES (554, 515, 6);
INSERT INTO `departments_lessons` VALUES (555, 516, 6);
INSERT INTO `departments_lessons` VALUES (556, 517, 6);
INSERT INTO `departments_lessons` VALUES (557, 518, 6);
INSERT INTO `departments_lessons` VALUES (558, 519, 6);
INSERT INTO `departments_lessons` VALUES (559, 520, 6);
INSERT INTO `departments_lessons` VALUES (560, 521, 6);
INSERT INTO `departments_lessons` VALUES (561, 522, 6);
INSERT INTO `departments_lessons` VALUES (562, 523, 6);
INSERT INTO `departments_lessons` VALUES (563, 524, 6);
INSERT INTO `departments_lessons` VALUES (564, 525, 6);
INSERT INTO `departments_lessons` VALUES (565, 526, 6);
INSERT INTO `departments_lessons` VALUES (566, 527, 6);
INSERT INTO `departments_lessons` VALUES (567, 528, 6);
INSERT INTO `departments_lessons` VALUES (568, 529, 6);
INSERT INTO `departments_lessons` VALUES (569, 530, 6);
INSERT INTO `departments_lessons` VALUES (570, 531, 6);
INSERT INTO `departments_lessons` VALUES (571, 532, 6);
INSERT INTO `departments_lessons` VALUES (572, 533, 6);
INSERT INTO `departments_lessons` VALUES (573, 534, 6);
INSERT INTO `departments_lessons` VALUES (574, 535, 6);
INSERT INTO `departments_lessons` VALUES (575, 536, 6);
INSERT INTO `departments_lessons` VALUES (576, 537, 6);
INSERT INTO `departments_lessons` VALUES (577, 538, 6);
INSERT INTO `departments_lessons` VALUES (578, 539, 6);
INSERT INTO `departments_lessons` VALUES (579, 540, 6);
INSERT INTO `departments_lessons` VALUES (580, 541, 6);
INSERT INTO `departments_lessons` VALUES (581, 542, 6);
INSERT INTO `departments_lessons` VALUES (582, 543, 6);
INSERT INTO `departments_lessons` VALUES (583, 544, 6);
INSERT INTO `departments_lessons` VALUES (584, 545, 6);
INSERT INTO `departments_lessons` VALUES (585, 546, 6);
INSERT INTO `departments_lessons` VALUES (586, 547, 6);
INSERT INTO `departments_lessons` VALUES (587, 548, 6);
INSERT INTO `departments_lessons` VALUES (588, 549, 6);
INSERT INTO `departments_lessons` VALUES (589, 550, 6);
INSERT INTO `departments_lessons` VALUES (590, 551, 6);
INSERT INTO `departments_lessons` VALUES (591, 552, 6);
INSERT INTO `departments_lessons` VALUES (592, 3, 7);
INSERT INTO `departments_lessons` VALUES (593, 4, 7);
INSERT INTO `departments_lessons` VALUES (594, 8, 7);
INSERT INTO `departments_lessons` VALUES (595, 11, 7);
INSERT INTO `departments_lessons` VALUES (596, 12, 7);
INSERT INTO `departments_lessons` VALUES (597, 16, 7);
INSERT INTO `departments_lessons` VALUES (598, 81, 7);
INSERT INTO `departments_lessons` VALUES (599, 82, 7);
INSERT INTO `departments_lessons` VALUES (600, 93, 7);
INSERT INTO `departments_lessons` VALUES (601, 94, 7);
INSERT INTO `departments_lessons` VALUES (602, 553, 7);
INSERT INTO `departments_lessons` VALUES (603, 554, 7);
INSERT INTO `departments_lessons` VALUES (604, 555, 7);
INSERT INTO `departments_lessons` VALUES (605, 556, 7);
INSERT INTO `departments_lessons` VALUES (606, 557, 7);
INSERT INTO `departments_lessons` VALUES (607, 558, 7);
INSERT INTO `departments_lessons` VALUES (608, 559, 7);
INSERT INTO `departments_lessons` VALUES (609, 560, 7);
INSERT INTO `departments_lessons` VALUES (610, 561, 7);
INSERT INTO `departments_lessons` VALUES (611, 562, 7);
INSERT INTO `departments_lessons` VALUES (612, 563, 7);
INSERT INTO `departments_lessons` VALUES (613, 564, 7);
INSERT INTO `departments_lessons` VALUES (614, 565, 7);
INSERT INTO `departments_lessons` VALUES (615, 566, 7);
INSERT INTO `departments_lessons` VALUES (616, 567, 7);
INSERT INTO `departments_lessons` VALUES (617, 568, 7);
INSERT INTO `departments_lessons` VALUES (618, 569, 7);
INSERT INTO `departments_lessons` VALUES (619, 570, 7);
INSERT INTO `departments_lessons` VALUES (620, 571, 7);
INSERT INTO `departments_lessons` VALUES (621, 572, 7);
INSERT INTO `departments_lessons` VALUES (622, 573, 7);
INSERT INTO `departments_lessons` VALUES (623, 574, 7);
INSERT INTO `departments_lessons` VALUES (624, 575, 7);
INSERT INTO `departments_lessons` VALUES (625, 576, 7);
INSERT INTO `departments_lessons` VALUES (626, 577, 7);
INSERT INTO `departments_lessons` VALUES (627, 578, 7);
INSERT INTO `departments_lessons` VALUES (628, 579, 7);
INSERT INTO `departments_lessons` VALUES (629, 580, 7);
INSERT INTO `departments_lessons` VALUES (630, 581, 7);
INSERT INTO `departments_lessons` VALUES (631, 582, 7);
INSERT INTO `departments_lessons` VALUES (632, 583, 7);
INSERT INTO `departments_lessons` VALUES (633, 584, 7);
INSERT INTO `departments_lessons` VALUES (634, 585, 7);
INSERT INTO `departments_lessons` VALUES (635, 586, 7);
INSERT INTO `departments_lessons` VALUES (636, 587, 7);
INSERT INTO `departments_lessons` VALUES (637, 588, 7);
INSERT INTO `departments_lessons` VALUES (638, 589, 7);
INSERT INTO `departments_lessons` VALUES (639, 590, 7);
INSERT INTO `departments_lessons` VALUES (640, 591, 7);
INSERT INTO `departments_lessons` VALUES (641, 592, 7);
INSERT INTO `departments_lessons` VALUES (642, 593, 7);
INSERT INTO `departments_lessons` VALUES (643, 594, 7);
INSERT INTO `departments_lessons` VALUES (644, 595, 7);
INSERT INTO `departments_lessons` VALUES (645, 596, 7);
INSERT INTO `departments_lessons` VALUES (646, 597, 7);
INSERT INTO `departments_lessons` VALUES (647, 598, 7);
INSERT INTO `departments_lessons` VALUES (648, 599, 7);
INSERT INTO `departments_lessons` VALUES (649, 600, 7);
INSERT INTO `departments_lessons` VALUES (650, 601, 7);
INSERT INTO `departments_lessons` VALUES (651, 602, 7);
INSERT INTO `departments_lessons` VALUES (652, 603, 7);
INSERT INTO `departments_lessons` VALUES (653, 604, 7);
INSERT INTO `departments_lessons` VALUES (654, 605, 7);
INSERT INTO `departments_lessons` VALUES (655, 606, 7);
INSERT INTO `departments_lessons` VALUES (656, 607, 7);
INSERT INTO `departments_lessons` VALUES (657, 608, 7);
INSERT INTO `departments_lessons` VALUES (658, 609, 7);
INSERT INTO `departments_lessons` VALUES (659, 610, 7);
INSERT INTO `departments_lessons` VALUES (660, 611, 7);
INSERT INTO `departments_lessons` VALUES (661, 612, 7);
INSERT INTO `departments_lessons` VALUES (662, 613, 7);
INSERT INTO `departments_lessons` VALUES (663, 614, 7);
INSERT INTO `departments_lessons` VALUES (664, 615, 7);
INSERT INTO `departments_lessons` VALUES (665, 616, 7);
INSERT INTO `departments_lessons` VALUES (666, 617, 7);
INSERT INTO `departments_lessons` VALUES (667, 618, 7);
INSERT INTO `departments_lessons` VALUES (668, 619, 7);
INSERT INTO `departments_lessons` VALUES (669, 620, 7);
INSERT INTO `departments_lessons` VALUES (670, 621, 7);
INSERT INTO `departments_lessons` VALUES (671, 622, 7);
INSERT INTO `departments_lessons` VALUES (672, 623, 7);
INSERT INTO `departments_lessons` VALUES (673, 624, 7);
INSERT INTO `departments_lessons` VALUES (674, 625, 7);
INSERT INTO `departments_lessons` VALUES (675, 626, 7);
INSERT INTO `departments_lessons` VALUES (676, 627, 7);
INSERT INTO `departments_lessons` VALUES (677, 628, 7);
INSERT INTO `departments_lessons` VALUES (678, 629, 7);
INSERT INTO `departments_lessons` VALUES (679, 630, 7);
INSERT INTO `departments_lessons` VALUES (680, 631, 7);
INSERT INTO `departments_lessons` VALUES (681, 632, 7);
INSERT INTO `departments_lessons` VALUES (682, 633, 7);
INSERT INTO `departments_lessons` VALUES (683, 634, 7);
INSERT INTO `departments_lessons` VALUES (684, 635, 7);
INSERT INTO `departments_lessons` VALUES (685, 636, 7);
INSERT INTO `departments_lessons` VALUES (686, 637, 7);
INSERT INTO `departments_lessons` VALUES (687, 638, 7);
INSERT INTO `departments_lessons` VALUES (688, 639, 7);
INSERT INTO `departments_lessons` VALUES (689, 640, 7);
INSERT INTO `departments_lessons` VALUES (690, 641, 7);
INSERT INTO `departments_lessons` VALUES (691, 642, 7);
INSERT INTO `departments_lessons` VALUES (692, 643, 7);
INSERT INTO `departments_lessons` VALUES (693, 644, 8);
INSERT INTO `departments_lessons` VALUES (694, 645, 8);
INSERT INTO `departments_lessons` VALUES (695, 646, 8);
INSERT INTO `departments_lessons` VALUES (696, 647, 8);
INSERT INTO `departments_lessons` VALUES (697, 648, 8);
INSERT INTO `departments_lessons` VALUES (698, 649, 8);
INSERT INTO `departments_lessons` VALUES (699, 650, 8);
INSERT INTO `departments_lessons` VALUES (700, 651, 8);
INSERT INTO `departments_lessons` VALUES (701, 652, 8);
INSERT INTO `departments_lessons` VALUES (702, 653, 8);
INSERT INTO `departments_lessons` VALUES (703, 654, 8);
INSERT INTO `departments_lessons` VALUES (704, 655, 8);
INSERT INTO `departments_lessons` VALUES (705, 656, 8);
INSERT INTO `departments_lessons` VALUES (706, 657, 8);
INSERT INTO `departments_lessons` VALUES (707, 658, 8);
INSERT INTO `departments_lessons` VALUES (708, 659, 8);
INSERT INTO `departments_lessons` VALUES (709, 660, 8);
INSERT INTO `departments_lessons` VALUES (710, 661, 8);
INSERT INTO `departments_lessons` VALUES (711, 662, 8);
INSERT INTO `departments_lessons` VALUES (712, 663, 8);
INSERT INTO `departments_lessons` VALUES (713, 664, 8);
INSERT INTO `departments_lessons` VALUES (714, 665, 8);
INSERT INTO `departments_lessons` VALUES (715, 666, 8);
INSERT INTO `departments_lessons` VALUES (716, 667, 8);
INSERT INTO `departments_lessons` VALUES (717, 668, 8);
INSERT INTO `departments_lessons` VALUES (718, 669, 8);
INSERT INTO `departments_lessons` VALUES (719, 670, 8);
INSERT INTO `departments_lessons` VALUES (720, 671, 8);
INSERT INTO `departments_lessons` VALUES (721, 672, 8);
INSERT INTO `departments_lessons` VALUES (722, 673, 8);
INSERT INTO `departments_lessons` VALUES (723, 674, 8);
INSERT INTO `departments_lessons` VALUES (724, 675, 8);
INSERT INTO `departments_lessons` VALUES (725, 676, 8);
INSERT INTO `departments_lessons` VALUES (726, 677, 8);
INSERT INTO `departments_lessons` VALUES (727, 678, 8);
INSERT INTO `departments_lessons` VALUES (728, 679, 8);
INSERT INTO `departments_lessons` VALUES (729, 680, 8);
INSERT INTO `departments_lessons` VALUES (730, 681, 8);
INSERT INTO `departments_lessons` VALUES (731, 682, 8);
INSERT INTO `departments_lessons` VALUES (732, 683, 8);
INSERT INTO `departments_lessons` VALUES (733, 684, 8);
INSERT INTO `departments_lessons` VALUES (734, 685, 8);
INSERT INTO `departments_lessons` VALUES (735, 686, 8);
INSERT INTO `departments_lessons` VALUES (736, 687, 8);
INSERT INTO `departments_lessons` VALUES (737, 688, 8);
INSERT INTO `departments_lessons` VALUES (738, 689, 8);
INSERT INTO `departments_lessons` VALUES (739, 690, 8);
INSERT INTO `departments_lessons` VALUES (740, 691, 8);
INSERT INTO `departments_lessons` VALUES (741, 692, 8);
INSERT INTO `departments_lessons` VALUES (742, 693, 8);
INSERT INTO `departments_lessons` VALUES (743, 694, 8);
INSERT INTO `departments_lessons` VALUES (744, 695, 8);
INSERT INTO `departments_lessons` VALUES (745, 696, 8);
INSERT INTO `departments_lessons` VALUES (746, 697, 8);
INSERT INTO `departments_lessons` VALUES (747, 698, 8);
INSERT INTO `departments_lessons` VALUES (748, 699, 8);
INSERT INTO `departments_lessons` VALUES (749, 700, 8);
INSERT INTO `departments_lessons` VALUES (750, 701, 8);
INSERT INTO `departments_lessons` VALUES (751, 702, 8);
INSERT INTO `departments_lessons` VALUES (752, 703, 8);
INSERT INTO `departments_lessons` VALUES (753, 704, 8);
INSERT INTO `departments_lessons` VALUES (754, 705, 8);
INSERT INTO `departments_lessons` VALUES (755, 706, 8);
INSERT INTO `departments_lessons` VALUES (756, 707, 8);
INSERT INTO `departments_lessons` VALUES (757, 708, 8);
INSERT INTO `departments_lessons` VALUES (758, 709, 8);
INSERT INTO `departments_lessons` VALUES (759, 710, 8);
INSERT INTO `departments_lessons` VALUES (760, 711, 8);
INSERT INTO `departments_lessons` VALUES (761, 712, 8);
INSERT INTO `departments_lessons` VALUES (762, 713, 8);
INSERT INTO `departments_lessons` VALUES (763, 714, 8);
INSERT INTO `departments_lessons` VALUES (764, 715, 8);
INSERT INTO `departments_lessons` VALUES (765, 716, 8);
INSERT INTO `departments_lessons` VALUES (766, 717, 8);
INSERT INTO `departments_lessons` VALUES (767, 718, 8);
INSERT INTO `departments_lessons` VALUES (768, 719, 8);
INSERT INTO `departments_lessons` VALUES (769, 720, 8);
INSERT INTO `departments_lessons` VALUES (770, 721, 8);
INSERT INTO `departments_lessons` VALUES (771, 722, 8);
INSERT INTO `departments_lessons` VALUES (772, 723, 8);
INSERT INTO `departments_lessons` VALUES (862, 3, 9);
INSERT INTO `departments_lessons` VALUES (773, 3, 8);
INSERT INTO `departments_lessons` VALUES (774, 4, 8);
INSERT INTO `departments_lessons` VALUES (775, 8, 8);
INSERT INTO `departments_lessons` VALUES (776, 11, 8);
INSERT INTO `departments_lessons` VALUES (777, 12, 8);
INSERT INTO `departments_lessons` VALUES (778, 16, 8);
INSERT INTO `departments_lessons` VALUES (779, 81, 8);
INSERT INTO `departments_lessons` VALUES (780, 82, 8);
INSERT INTO `departments_lessons` VALUES (781, 93, 8);
INSERT INTO `departments_lessons` VALUES (782, 94, 8);
INSERT INTO `departments_lessons` VALUES (783, 724, 9);
INSERT INTO `departments_lessons` VALUES (784, 725, 9);
INSERT INTO `departments_lessons` VALUES (785, 726, 9);
INSERT INTO `departments_lessons` VALUES (786, 727, 9);
INSERT INTO `departments_lessons` VALUES (787, 728, 9);
INSERT INTO `departments_lessons` VALUES (788, 729, 9);
INSERT INTO `departments_lessons` VALUES (789, 730, 9);
INSERT INTO `departments_lessons` VALUES (790, 731, 9);
INSERT INTO `departments_lessons` VALUES (791, 732, 9);
INSERT INTO `departments_lessons` VALUES (792, 733, 9);
INSERT INTO `departments_lessons` VALUES (793, 734, 9);
INSERT INTO `departments_lessons` VALUES (794, 735, 9);
INSERT INTO `departments_lessons` VALUES (795, 736, 9);
INSERT INTO `departments_lessons` VALUES (796, 737, 9);
INSERT INTO `departments_lessons` VALUES (797, 738, 9);
INSERT INTO `departments_lessons` VALUES (798, 739, 9);
INSERT INTO `departments_lessons` VALUES (799, 740, 9);
INSERT INTO `departments_lessons` VALUES (800, 741, 9);
INSERT INTO `departments_lessons` VALUES (801, 742, 9);
INSERT INTO `departments_lessons` VALUES (802, 743, 9);
INSERT INTO `departments_lessons` VALUES (803, 744, 9);
INSERT INTO `departments_lessons` VALUES (804, 745, 9);
INSERT INTO `departments_lessons` VALUES (805, 746, 9);
INSERT INTO `departments_lessons` VALUES (806, 747, 9);
INSERT INTO `departments_lessons` VALUES (807, 748, 9);
INSERT INTO `departments_lessons` VALUES (808, 749, 9);
INSERT INTO `departments_lessons` VALUES (809, 750, 9);
INSERT INTO `departments_lessons` VALUES (810, 751, 9);
INSERT INTO `departments_lessons` VALUES (811, 752, 9);
INSERT INTO `departments_lessons` VALUES (812, 753, 9);
INSERT INTO `departments_lessons` VALUES (813, 754, 9);
INSERT INTO `departments_lessons` VALUES (814, 755, 9);
INSERT INTO `departments_lessons` VALUES (815, 756, 9);
INSERT INTO `departments_lessons` VALUES (816, 757, 9);
INSERT INTO `departments_lessons` VALUES (817, 758, 9);
INSERT INTO `departments_lessons` VALUES (818, 759, 9);
INSERT INTO `departments_lessons` VALUES (819, 760, 9);
INSERT INTO `departments_lessons` VALUES (820, 761, 9);
INSERT INTO `departments_lessons` VALUES (821, 762, 9);
INSERT INTO `departments_lessons` VALUES (822, 763, 9);
INSERT INTO `departments_lessons` VALUES (823, 764, 9);
INSERT INTO `departments_lessons` VALUES (824, 765, 9);
INSERT INTO `departments_lessons` VALUES (825, 766, 9);
INSERT INTO `departments_lessons` VALUES (826, 767, 9);
INSERT INTO `departments_lessons` VALUES (827, 768, 9);
INSERT INTO `departments_lessons` VALUES (828, 769, 9);
INSERT INTO `departments_lessons` VALUES (829, 770, 9);
INSERT INTO `departments_lessons` VALUES (830, 771, 9);
INSERT INTO `departments_lessons` VALUES (831, 772, 9);
INSERT INTO `departments_lessons` VALUES (832, 773, 9);
INSERT INTO `departments_lessons` VALUES (833, 774, 9);
INSERT INTO `departments_lessons` VALUES (834, 775, 9);
INSERT INTO `departments_lessons` VALUES (835, 776, 9);
INSERT INTO `departments_lessons` VALUES (836, 777, 9);
INSERT INTO `departments_lessons` VALUES (837, 778, 9);
INSERT INTO `departments_lessons` VALUES (838, 779, 9);
INSERT INTO `departments_lessons` VALUES (839, 780, 9);
INSERT INTO `departments_lessons` VALUES (840, 781, 9);
INSERT INTO `departments_lessons` VALUES (841, 782, 9);
INSERT INTO `departments_lessons` VALUES (842, 783, 9);
INSERT INTO `departments_lessons` VALUES (843, 784, 9);
INSERT INTO `departments_lessons` VALUES (844, 785, 9);
INSERT INTO `departments_lessons` VALUES (845, 786, 9);
INSERT INTO `departments_lessons` VALUES (846, 787, 9);
INSERT INTO `departments_lessons` VALUES (847, 788, 9);
INSERT INTO `departments_lessons` VALUES (848, 789, 9);
INSERT INTO `departments_lessons` VALUES (849, 790, 9);
INSERT INTO `departments_lessons` VALUES (850, 791, 9);
INSERT INTO `departments_lessons` VALUES (851, 792, 9);
INSERT INTO `departments_lessons` VALUES (852, 793, 9);
INSERT INTO `departments_lessons` VALUES (853, 794, 9);
INSERT INTO `departments_lessons` VALUES (854, 795, 9);
INSERT INTO `departments_lessons` VALUES (855, 796, 9);
INSERT INTO `departments_lessons` VALUES (856, 797, 9);
INSERT INTO `departments_lessons` VALUES (857, 798, 9);
INSERT INTO `departments_lessons` VALUES (858, 799, 9);
INSERT INTO `departments_lessons` VALUES (859, 800, 9);
INSERT INTO `departments_lessons` VALUES (860, 801, 9);
INSERT INTO `departments_lessons` VALUES (863, 4, 9);
INSERT INTO `departments_lessons` VALUES (864, 8, 9);
INSERT INTO `departments_lessons` VALUES (865, 11, 9);
INSERT INTO `departments_lessons` VALUES (866, 12, 9);
INSERT INTO `departments_lessons` VALUES (867, 16, 9);
INSERT INTO `departments_lessons` VALUES (868, 81, 9);
INSERT INTO `departments_lessons` VALUES (869, 82, 9);
INSERT INTO `departments_lessons` VALUES (870, 93, 9);
INSERT INTO `departments_lessons` VALUES (871, 94, 9);
INSERT INTO `departments_lessons` VALUES (872, 3, 10);
INSERT INTO `departments_lessons` VALUES (873, 4, 10);
INSERT INTO `departments_lessons` VALUES (874, 8, 10);
INSERT INTO `departments_lessons` VALUES (875, 11, 10);
INSERT INTO `departments_lessons` VALUES (876, 12, 10);
INSERT INTO `departments_lessons` VALUES (877, 16, 10);
INSERT INTO `departments_lessons` VALUES (878, 81, 10);
INSERT INTO `departments_lessons` VALUES (879, 82, 10);
INSERT INTO `departments_lessons` VALUES (880, 93, 10);
INSERT INTO `departments_lessons` VALUES (881, 94, 10);
INSERT INTO `departments_lessons` VALUES (882, 802, 10);
INSERT INTO `departments_lessons` VALUES (883, 803, 10);
INSERT INTO `departments_lessons` VALUES (884, 804, 10);
INSERT INTO `departments_lessons` VALUES (885, 805, 10);
INSERT INTO `departments_lessons` VALUES (886, 806, 10);
INSERT INTO `departments_lessons` VALUES (887, 807, 10);
INSERT INTO `departments_lessons` VALUES (888, 808, 10);
INSERT INTO `departments_lessons` VALUES (889, 809, 10);
INSERT INTO `departments_lessons` VALUES (890, 810, 10);
INSERT INTO `departments_lessons` VALUES (891, 811, 10);
INSERT INTO `departments_lessons` VALUES (892, 812, 10);
INSERT INTO `departments_lessons` VALUES (893, 813, 10);
INSERT INTO `departments_lessons` VALUES (894, 814, 10);
INSERT INTO `departments_lessons` VALUES (895, 815, 10);
INSERT INTO `departments_lessons` VALUES (896, 816, 10);
INSERT INTO `departments_lessons` VALUES (897, 817, 10);
INSERT INTO `departments_lessons` VALUES (898, 818, 10);
INSERT INTO `departments_lessons` VALUES (899, 819, 10);
INSERT INTO `departments_lessons` VALUES (900, 820, 10);
INSERT INTO `departments_lessons` VALUES (901, 821, 10);
INSERT INTO `departments_lessons` VALUES (902, 822, 10);
INSERT INTO `departments_lessons` VALUES (903, 823, 10);
INSERT INTO `departments_lessons` VALUES (904, 824, 10);
INSERT INTO `departments_lessons` VALUES (905, 825, 10);
INSERT INTO `departments_lessons` VALUES (906, 826, 10);
INSERT INTO `departments_lessons` VALUES (907, 827, 10);
INSERT INTO `departments_lessons` VALUES (908, 828, 10);
INSERT INTO `departments_lessons` VALUES (909, 829, 10);
INSERT INTO `departments_lessons` VALUES (910, 830, 10);
INSERT INTO `departments_lessons` VALUES (911, 831, 10);
INSERT INTO `departments_lessons` VALUES (912, 832, 10);
INSERT INTO `departments_lessons` VALUES (913, 833, 10);
INSERT INTO `departments_lessons` VALUES (914, 834, 10);
INSERT INTO `departments_lessons` VALUES (915, 835, 10);
INSERT INTO `departments_lessons` VALUES (916, 836, 10);
INSERT INTO `departments_lessons` VALUES (917, 837, 10);
INSERT INTO `departments_lessons` VALUES (918, 838, 10);
INSERT INTO `departments_lessons` VALUES (919, 839, 10);
INSERT INTO `departments_lessons` VALUES (920, 840, 10);
INSERT INTO `departments_lessons` VALUES (921, 841, 10);
INSERT INTO `departments_lessons` VALUES (922, 842, 10);
INSERT INTO `departments_lessons` VALUES (923, 843, 10);
INSERT INTO `departments_lessons` VALUES (924, 844, 10);
INSERT INTO `departments_lessons` VALUES (925, 845, 10);
INSERT INTO `departments_lessons` VALUES (926, 846, 10);
INSERT INTO `departments_lessons` VALUES (927, 847, 10);
INSERT INTO `departments_lessons` VALUES (928, 848, 10);
INSERT INTO `departments_lessons` VALUES (929, 849, 10);
INSERT INTO `departments_lessons` VALUES (930, 850, 10);
INSERT INTO `departments_lessons` VALUES (931, 851, 10);
INSERT INTO `departments_lessons` VALUES (932, 852, 10);
INSERT INTO `departments_lessons` VALUES (933, 853, 10);
INSERT INTO `departments_lessons` VALUES (934, 854, 10);
INSERT INTO `departments_lessons` VALUES (935, 855, 10);
INSERT INTO `departments_lessons` VALUES (936, 856, 10);
INSERT INTO `departments_lessons` VALUES (937, 857, 10);
INSERT INTO `departments_lessons` VALUES (938, 858, 10);
INSERT INTO `departments_lessons` VALUES (939, 859, 10);
INSERT INTO `departments_lessons` VALUES (940, 860, 10);
INSERT INTO `departments_lessons` VALUES (941, 861, 10);
INSERT INTO `departments_lessons` VALUES (942, 862, 10);
INSERT INTO `departments_lessons` VALUES (943, 863, 10);
INSERT INTO `departments_lessons` VALUES (944, 864, 10);
INSERT INTO `departments_lessons` VALUES (945, 865, 10);
INSERT INTO `departments_lessons` VALUES (946, 866, 10);
INSERT INTO `departments_lessons` VALUES (947, 867, 10);
INSERT INTO `departments_lessons` VALUES (948, 868, 10);
INSERT INTO `departments_lessons` VALUES (949, 869, 10);
INSERT INTO `departments_lessons` VALUES (950, 870, 10);
INSERT INTO `departments_lessons` VALUES (951, 871, 10);
INSERT INTO `departments_lessons` VALUES (952, 872, 10);
INSERT INTO `departments_lessons` VALUES (953, 873, 10);
INSERT INTO `departments_lessons` VALUES (954, 874, 10);
INSERT INTO `departments_lessons` VALUES (955, 875, 10);
INSERT INTO `departments_lessons` VALUES (956, 876, 10);
INSERT INTO `departments_lessons` VALUES (957, 877, 10);
INSERT INTO `departments_lessons` VALUES (958, 878, 10);
INSERT INTO `departments_lessons` VALUES (959, 879, 10);
INSERT INTO `departments_lessons` VALUES (960, 880, 10);
INSERT INTO `departments_lessons` VALUES (961, 881, 10);
INSERT INTO `departments_lessons` VALUES (962, 882, 10);
INSERT INTO `departments_lessons` VALUES (963, 883, 10);
INSERT INTO `departments_lessons` VALUES (964, 884, 10);
INSERT INTO `departments_lessons` VALUES (965, 885, 10);
INSERT INTO `departments_lessons` VALUES (966, 886, 10);
INSERT INTO `departments_lessons` VALUES (967, 887, 10);
INSERT INTO `departments_lessons` VALUES (968, 888, 10);
INSERT INTO `departments_lessons` VALUES (969, 889, 10);
INSERT INTO `departments_lessons` VALUES (970, 890, 10);
INSERT INTO `departments_lessons` VALUES (971, 891, 10);
INSERT INTO `departments_lessons` VALUES (972, 892, 10);
INSERT INTO `departments_lessons` VALUES (973, 893, 10);
INSERT INTO `departments_lessons` VALUES (974, 894, 10);
INSERT INTO `departments_lessons` VALUES (975, 895, 10);
INSERT INTO `departments_lessons` VALUES (976, 896, 10);
INSERT INTO `departments_lessons` VALUES (977, 897, 10);
INSERT INTO `departments_lessons` VALUES (978, 898, 10);
INSERT INTO `departments_lessons` VALUES (979, 899, 10);
INSERT INTO `departments_lessons` VALUES (980, 900, 10);
INSERT INTO `departments_lessons` VALUES (981, 901, 10);
INSERT INTO `departments_lessons` VALUES (982, 902, 10);
INSERT INTO `departments_lessons` VALUES (983, 903, 10);
INSERT INTO `departments_lessons` VALUES (984, 904, 11);
INSERT INTO `departments_lessons` VALUES (985, 905, 11);
INSERT INTO `departments_lessons` VALUES (986, 906, 11);
INSERT INTO `departments_lessons` VALUES (987, 907, 11);
INSERT INTO `departments_lessons` VALUES (988, 908, 11);
INSERT INTO `departments_lessons` VALUES (989, 909, 11);
INSERT INTO `departments_lessons` VALUES (990, 910, 11);
INSERT INTO `departments_lessons` VALUES (991, 911, 11);
INSERT INTO `departments_lessons` VALUES (992, 912, 11);
INSERT INTO `departments_lessons` VALUES (993, 913, 11);
INSERT INTO `departments_lessons` VALUES (994, 914, 11);
INSERT INTO `departments_lessons` VALUES (995, 915, 11);
INSERT INTO `departments_lessons` VALUES (996, 916, 11);
INSERT INTO `departments_lessons` VALUES (997, 917, 11);
INSERT INTO `departments_lessons` VALUES (998, 918, 11);
INSERT INTO `departments_lessons` VALUES (999, 919, 11);
INSERT INTO `departments_lessons` VALUES (1000, 920, 11);
INSERT INTO `departments_lessons` VALUES (1001, 921, 11);
INSERT INTO `departments_lessons` VALUES (1002, 922, 11);
INSERT INTO `departments_lessons` VALUES (1003, 923, 11);
INSERT INTO `departments_lessons` VALUES (1004, 924, 11);
INSERT INTO `departments_lessons` VALUES (1005, 925, 11);
INSERT INTO `departments_lessons` VALUES (1006, 926, 11);
INSERT INTO `departments_lessons` VALUES (1007, 927, 11);
INSERT INTO `departments_lessons` VALUES (1008, 928, 11);
INSERT INTO `departments_lessons` VALUES (1009, 929, 11);
INSERT INTO `departments_lessons` VALUES (1010, 930, 11);
INSERT INTO `departments_lessons` VALUES (1011, 931, 11);
INSERT INTO `departments_lessons` VALUES (1012, 932, 11);
INSERT INTO `departments_lessons` VALUES (1013, 933, 11);
INSERT INTO `departments_lessons` VALUES (1014, 934, 11);
INSERT INTO `departments_lessons` VALUES (1015, 935, 11);
INSERT INTO `departments_lessons` VALUES (1016, 936, 11);
INSERT INTO `departments_lessons` VALUES (1017, 937, 11);
INSERT INTO `departments_lessons` VALUES (1018, 938, 11);
INSERT INTO `departments_lessons` VALUES (1019, 939, 11);
INSERT INTO `departments_lessons` VALUES (1020, 940, 11);
INSERT INTO `departments_lessons` VALUES (1021, 941, 11);
INSERT INTO `departments_lessons` VALUES (1022, 942, 11);
INSERT INTO `departments_lessons` VALUES (1023, 943, 11);
INSERT INTO `departments_lessons` VALUES (1024, 944, 11);
INSERT INTO `departments_lessons` VALUES (1025, 945, 11);
INSERT INTO `departments_lessons` VALUES (1026, 946, 11);
INSERT INTO `departments_lessons` VALUES (1027, 947, 11);
INSERT INTO `departments_lessons` VALUES (1028, 948, 11);
INSERT INTO `departments_lessons` VALUES (1029, 949, 11);
INSERT INTO `departments_lessons` VALUES (1030, 950, 11);
INSERT INTO `departments_lessons` VALUES (1031, 951, 11);
INSERT INTO `departments_lessons` VALUES (1032, 952, 11);
INSERT INTO `departments_lessons` VALUES (1033, 953, 11);
INSERT INTO `departments_lessons` VALUES (1034, 954, 11);
INSERT INTO `departments_lessons` VALUES (1035, 955, 11);
INSERT INTO `departments_lessons` VALUES (1036, 956, 11);
INSERT INTO `departments_lessons` VALUES (1037, 957, 11);
INSERT INTO `departments_lessons` VALUES (1038, 958, 11);
INSERT INTO `departments_lessons` VALUES (1039, 959, 11);
INSERT INTO `departments_lessons` VALUES (1040, 960, 11);
INSERT INTO `departments_lessons` VALUES (1041, 961, 11);
INSERT INTO `departments_lessons` VALUES (1042, 962, 11);
INSERT INTO `departments_lessons` VALUES (1043, 963, 11);
INSERT INTO `departments_lessons` VALUES (1044, 964, 11);
INSERT INTO `departments_lessons` VALUES (1045, 965, 11);
INSERT INTO `departments_lessons` VALUES (1046, 966, 11);
INSERT INTO `departments_lessons` VALUES (1047, 967, 11);
INSERT INTO `departments_lessons` VALUES (1048, 968, 11);
INSERT INTO `departments_lessons` VALUES (1049, 969, 11);
INSERT INTO `departments_lessons` VALUES (1050, 970, 11);
INSERT INTO `departments_lessons` VALUES (1051, 971, 11);
INSERT INTO `departments_lessons` VALUES (1052, 972, 11);
INSERT INTO `departments_lessons` VALUES (1053, 973, 11);
INSERT INTO `departments_lessons` VALUES (1054, 974, 11);
INSERT INTO `departments_lessons` VALUES (1055, 975, 11);
INSERT INTO `departments_lessons` VALUES (1056, 976, 11);
INSERT INTO `departments_lessons` VALUES (1057, 977, 11);
INSERT INTO `departments_lessons` VALUES (1058, 978, 11);
INSERT INTO `departments_lessons` VALUES (1059, 979, 11);
INSERT INTO `departments_lessons` VALUES (1060, 980, 11);
INSERT INTO `departments_lessons` VALUES (1061, 981, 11);
INSERT INTO `departments_lessons` VALUES (1062, 982, 11);
INSERT INTO `departments_lessons` VALUES (1063, 983, 11);
INSERT INTO `departments_lessons` VALUES (1064, 984, 11);
INSERT INTO `departments_lessons` VALUES (1065, 985, 11);
INSERT INTO `departments_lessons` VALUES (1066, 986, 11);
INSERT INTO `departments_lessons` VALUES (1067, 987, 11);
INSERT INTO `departments_lessons` VALUES (1068, 988, 11);
INSERT INTO `departments_lessons` VALUES (1069, 989, 11);
INSERT INTO `departments_lessons` VALUES (1070, 990, 11);
INSERT INTO `departments_lessons` VALUES (1071, 991, 11);
INSERT INTO `departments_lessons` VALUES (1072, 992, 11);
INSERT INTO `departments_lessons` VALUES (1073, 993, 11);
INSERT INTO `departments_lessons` VALUES (1074, 3, 11);
INSERT INTO `departments_lessons` VALUES (1075, 4, 11);
INSERT INTO `departments_lessons` VALUES (1076, 8, 11);
INSERT INTO `departments_lessons` VALUES (1077, 11, 11);
INSERT INTO `departments_lessons` VALUES (1078, 12, 11);
INSERT INTO `departments_lessons` VALUES (1079, 16, 11);
INSERT INTO `departments_lessons` VALUES (1080, 81, 11);
INSERT INTO `departments_lessons` VALUES (1081, 82, 11);
INSERT INTO `departments_lessons` VALUES (1082, 93, 11);
INSERT INTO `departments_lessons` VALUES (1083, 94, 11);
INSERT INTO `departments_lessons` VALUES (1084, 3, 12);
INSERT INTO `departments_lessons` VALUES (1085, 4, 12);
INSERT INTO `departments_lessons` VALUES (1086, 8, 12);
INSERT INTO `departments_lessons` VALUES (1087, 11, 12);
INSERT INTO `departments_lessons` VALUES (1088, 12, 12);
INSERT INTO `departments_lessons` VALUES (1089, 16, 12);
INSERT INTO `departments_lessons` VALUES (1090, 81, 12);
INSERT INTO `departments_lessons` VALUES (1091, 82, 12);
INSERT INTO `departments_lessons` VALUES (1092, 93, 12);
INSERT INTO `departments_lessons` VALUES (1093, 94, 12);
INSERT INTO `departments_lessons` VALUES (1094, 994, 12);
INSERT INTO `departments_lessons` VALUES (1095, 995, 12);
INSERT INTO `departments_lessons` VALUES (1096, 996, 12);
INSERT INTO `departments_lessons` VALUES (1097, 997, 12);
INSERT INTO `departments_lessons` VALUES (1098, 998, 12);
INSERT INTO `departments_lessons` VALUES (1099, 999, 12);
INSERT INTO `departments_lessons` VALUES (1100, 1000, 12);
INSERT INTO `departments_lessons` VALUES (1101, 1001, 12);
INSERT INTO `departments_lessons` VALUES (1102, 1002, 12);
INSERT INTO `departments_lessons` VALUES (1103, 1003, 12);
INSERT INTO `departments_lessons` VALUES (1104, 1004, 12);
INSERT INTO `departments_lessons` VALUES (1105, 1005, 12);
INSERT INTO `departments_lessons` VALUES (1106, 1006, 12);
INSERT INTO `departments_lessons` VALUES (1107, 1007, 12);
INSERT INTO `departments_lessons` VALUES (1108, 1008, 12);
INSERT INTO `departments_lessons` VALUES (1109, 1009, 12);
INSERT INTO `departments_lessons` VALUES (1110, 1010, 12);
INSERT INTO `departments_lessons` VALUES (1111, 1011, 12);
INSERT INTO `departments_lessons` VALUES (1112, 1012, 12);
INSERT INTO `departments_lessons` VALUES (1113, 1013, 12);
INSERT INTO `departments_lessons` VALUES (1114, 1014, 12);
INSERT INTO `departments_lessons` VALUES (1115, 1015, 12);
INSERT INTO `departments_lessons` VALUES (1116, 1016, 12);
INSERT INTO `departments_lessons` VALUES (1117, 1017, 12);
INSERT INTO `departments_lessons` VALUES (1118, 1018, 12);
INSERT INTO `departments_lessons` VALUES (1119, 1019, 12);
INSERT INTO `departments_lessons` VALUES (1120, 1020, 12);
INSERT INTO `departments_lessons` VALUES (1121, 1021, 12);
INSERT INTO `departments_lessons` VALUES (1122, 1022, 12);
INSERT INTO `departments_lessons` VALUES (1123, 1023, 12);
INSERT INTO `departments_lessons` VALUES (1124, 1024, 12);
INSERT INTO `departments_lessons` VALUES (1125, 1025, 12);
INSERT INTO `departments_lessons` VALUES (1126, 1026, 12);
INSERT INTO `departments_lessons` VALUES (1127, 1027, 12);
INSERT INTO `departments_lessons` VALUES (1128, 1028, 12);
INSERT INTO `departments_lessons` VALUES (1129, 1029, 12);
INSERT INTO `departments_lessons` VALUES (1130, 1030, 12);
INSERT INTO `departments_lessons` VALUES (1131, 1031, 12);
INSERT INTO `departments_lessons` VALUES (1132, 1032, 12);
INSERT INTO `departments_lessons` VALUES (1133, 1033, 12);
INSERT INTO `departments_lessons` VALUES (1134, 1034, 12);
INSERT INTO `departments_lessons` VALUES (1135, 1035, 12);
INSERT INTO `departments_lessons` VALUES (1136, 1036, 12);
INSERT INTO `departments_lessons` VALUES (1137, 1037, 12);
INSERT INTO `departments_lessons` VALUES (1138, 1038, 12);
INSERT INTO `departments_lessons` VALUES (1139, 1039, 12);
INSERT INTO `departments_lessons` VALUES (1140, 1040, 12);
INSERT INTO `departments_lessons` VALUES (1141, 1041, 12);
INSERT INTO `departments_lessons` VALUES (1142, 1042, 12);
INSERT INTO `departments_lessons` VALUES (1143, 1043, 12);
INSERT INTO `departments_lessons` VALUES (1144, 1044, 12);
INSERT INTO `departments_lessons` VALUES (1145, 1045, 12);
INSERT INTO `departments_lessons` VALUES (1146, 1046, 12);
INSERT INTO `departments_lessons` VALUES (1147, 1047, 12);
INSERT INTO `departments_lessons` VALUES (1148, 1048, 12);
INSERT INTO `departments_lessons` VALUES (1149, 1049, 12);
INSERT INTO `departments_lessons` VALUES (1150, 1050, 12);
INSERT INTO `departments_lessons` VALUES (1151, 1051, 12);
INSERT INTO `departments_lessons` VALUES (1152, 1052, 12);
INSERT INTO `departments_lessons` VALUES (1153, 1053, 12);
INSERT INTO `departments_lessons` VALUES (1154, 1054, 12);
INSERT INTO `departments_lessons` VALUES (1155, 1055, 12);
INSERT INTO `departments_lessons` VALUES (1156, 1056, 12);
INSERT INTO `departments_lessons` VALUES (1157, 1057, 12);
INSERT INTO `departments_lessons` VALUES (1158, 1058, 12);
INSERT INTO `departments_lessons` VALUES (1159, 1059, 12);
INSERT INTO `departments_lessons` VALUES (1160, 1060, 12);
INSERT INTO `departments_lessons` VALUES (1161, 1061, 12);
INSERT INTO `departments_lessons` VALUES (1162, 1062, 12);
INSERT INTO `departments_lessons` VALUES (1163, 1063, 12);
INSERT INTO `departments_lessons` VALUES (1164, 1064, 12);
INSERT INTO `departments_lessons` VALUES (1165, 1065, 12);
INSERT INTO `departments_lessons` VALUES (1166, 1066, 12);
INSERT INTO `departments_lessons` VALUES (1167, 1067, 12);
INSERT INTO `departments_lessons` VALUES (1168, 1068, 12);
INSERT INTO `departments_lessons` VALUES (1169, 1069, 12);
INSERT INTO `departments_lessons` VALUES (1170, 3, 13);
INSERT INTO `departments_lessons` VALUES (1171, 4, 13);
INSERT INTO `departments_lessons` VALUES (1172, 8, 13);
INSERT INTO `departments_lessons` VALUES (1173, 11, 13);
INSERT INTO `departments_lessons` VALUES (1174, 12, 13);
INSERT INTO `departments_lessons` VALUES (1175, 16, 13);
INSERT INTO `departments_lessons` VALUES (1176, 81, 13);
INSERT INTO `departments_lessons` VALUES (1177, 82, 13);
INSERT INTO `departments_lessons` VALUES (1178, 93, 13);
INSERT INTO `departments_lessons` VALUES (1179, 94, 13);
INSERT INTO `departments_lessons` VALUES (1180, 1070, 13);
INSERT INTO `departments_lessons` VALUES (1181, 1071, 13);
INSERT INTO `departments_lessons` VALUES (1182, 1072, 13);
INSERT INTO `departments_lessons` VALUES (1183, 1073, 13);
INSERT INTO `departments_lessons` VALUES (1184, 1074, 13);
INSERT INTO `departments_lessons` VALUES (1185, 1075, 13);
INSERT INTO `departments_lessons` VALUES (1186, 1076, 13);
INSERT INTO `departments_lessons` VALUES (1187, 1077, 13);
INSERT INTO `departments_lessons` VALUES (1188, 1078, 13);
INSERT INTO `departments_lessons` VALUES (1189, 1079, 13);
INSERT INTO `departments_lessons` VALUES (1190, 1080, 13);
INSERT INTO `departments_lessons` VALUES (1191, 1081, 13);
INSERT INTO `departments_lessons` VALUES (1192, 1082, 13);
INSERT INTO `departments_lessons` VALUES (1193, 1083, 13);
INSERT INTO `departments_lessons` VALUES (1194, 1084, 13);
INSERT INTO `departments_lessons` VALUES (1195, 1085, 13);
INSERT INTO `departments_lessons` VALUES (1196, 1086, 13);
INSERT INTO `departments_lessons` VALUES (1197, 1087, 13);
INSERT INTO `departments_lessons` VALUES (1198, 1088, 13);
INSERT INTO `departments_lessons` VALUES (1199, 1089, 13);
INSERT INTO `departments_lessons` VALUES (1200, 1090, 13);
INSERT INTO `departments_lessons` VALUES (1201, 1091, 13);
INSERT INTO `departments_lessons` VALUES (1202, 1092, 13);
INSERT INTO `departments_lessons` VALUES (1203, 1093, 13);
INSERT INTO `departments_lessons` VALUES (1204, 1094, 13);
INSERT INTO `departments_lessons` VALUES (1205, 1095, 13);
INSERT INTO `departments_lessons` VALUES (1206, 1096, 13);
INSERT INTO `departments_lessons` VALUES (1207, 1097, 13);
INSERT INTO `departments_lessons` VALUES (1208, 1098, 13);
INSERT INTO `departments_lessons` VALUES (1209, 1099, 13);
INSERT INTO `departments_lessons` VALUES (1210, 1100, 13);
INSERT INTO `departments_lessons` VALUES (1211, 1101, 13);
INSERT INTO `departments_lessons` VALUES (1212, 1102, 13);
INSERT INTO `departments_lessons` VALUES (1213, 1103, 13);
INSERT INTO `departments_lessons` VALUES (1214, 1104, 13);
INSERT INTO `departments_lessons` VALUES (1215, 1105, 13);
INSERT INTO `departments_lessons` VALUES (1216, 1106, 13);
INSERT INTO `departments_lessons` VALUES (1217, 1107, 13);
INSERT INTO `departments_lessons` VALUES (1218, 1108, 13);
INSERT INTO `departments_lessons` VALUES (1219, 1109, 13);
INSERT INTO `departments_lessons` VALUES (1220, 1110, 13);
INSERT INTO `departments_lessons` VALUES (1221, 1111, 13);
INSERT INTO `departments_lessons` VALUES (1222, 1112, 13);
INSERT INTO `departments_lessons` VALUES (1223, 1113, 13);
INSERT INTO `departments_lessons` VALUES (1224, 1114, 13);
INSERT INTO `departments_lessons` VALUES (1225, 1115, 13);
INSERT INTO `departments_lessons` VALUES (1226, 1116, 13);
INSERT INTO `departments_lessons` VALUES (1227, 1117, 13);
INSERT INTO `departments_lessons` VALUES (1228, 1118, 13);
INSERT INTO `departments_lessons` VALUES (1229, 1119, 13);
INSERT INTO `departments_lessons` VALUES (1230, 1120, 13);
INSERT INTO `departments_lessons` VALUES (1231, 1121, 13);
INSERT INTO `departments_lessons` VALUES (1232, 1122, 13);
INSERT INTO `departments_lessons` VALUES (1233, 1123, 13);
INSERT INTO `departments_lessons` VALUES (1234, 1124, 13);
INSERT INTO `departments_lessons` VALUES (1235, 1125, 13);
INSERT INTO `departments_lessons` VALUES (1236, 1126, 13);
INSERT INTO `departments_lessons` VALUES (1237, 1127, 13);
INSERT INTO `departments_lessons` VALUES (1238, 1128, 13);
INSERT INTO `departments_lessons` VALUES (1239, 1129, 13);
INSERT INTO `departments_lessons` VALUES (1240, 1130, 13);
INSERT INTO `departments_lessons` VALUES (1241, 1131, 13);
INSERT INTO `departments_lessons` VALUES (1242, 1132, 13);
INSERT INTO `departments_lessons` VALUES (1243, 1133, 13);
INSERT INTO `departments_lessons` VALUES (1244, 1134, 13);
INSERT INTO `departments_lessons` VALUES (1245, 1135, 13);
INSERT INTO `departments_lessons` VALUES (1246, 1136, 13);
INSERT INTO `departments_lessons` VALUES (1247, 1137, 13);
INSERT INTO `departments_lessons` VALUES (1248, 1138, 13);
INSERT INTO `departments_lessons` VALUES (1249, 1139, 13);
INSERT INTO `departments_lessons` VALUES (1250, 1140, 13);
INSERT INTO `departments_lessons` VALUES (1251, 1141, 13);
INSERT INTO `departments_lessons` VALUES (1252, 1142, 13);
INSERT INTO `departments_lessons` VALUES (1253, 1143, 13);
INSERT INTO `departments_lessons` VALUES (1254, 1144, 13);
INSERT INTO `departments_lessons` VALUES (1255, 1145, 13);
INSERT INTO `departments_lessons` VALUES (1256, 1146, 13);
INSERT INTO `departments_lessons` VALUES (1257, 1147, 13);
INSERT INTO `departments_lessons` VALUES (1258, 1148, 13);
INSERT INTO `departments_lessons` VALUES (1259, 1149, 13);
INSERT INTO `departments_lessons` VALUES (1260, 1150, 13);
INSERT INTO `departments_lessons` VALUES (1261, 1151, 13);
INSERT INTO `departments_lessons` VALUES (1262, 1152, 13);
INSERT INTO `departments_lessons` VALUES (1263, 1153, 13);
INSERT INTO `departments_lessons` VALUES (1264, 1154, 13);
INSERT INTO `departments_lessons` VALUES (1265, 1155, 13);
INSERT INTO `departments_lessons` VALUES (1266, 1156, 13);
INSERT INTO `departments_lessons` VALUES (1267, 1157, 13);
INSERT INTO `departments_lessons` VALUES (1268, 1158, 14);
INSERT INTO `departments_lessons` VALUES (1269, 1159, 14);
INSERT INTO `departments_lessons` VALUES (1270, 1160, 14);
INSERT INTO `departments_lessons` VALUES (1271, 1161, 14);
INSERT INTO `departments_lessons` VALUES (1272, 1162, 14);
INSERT INTO `departments_lessons` VALUES (1273, 1163, 14);
INSERT INTO `departments_lessons` VALUES (1274, 1164, 14);
INSERT INTO `departments_lessons` VALUES (1275, 1165, 14);
INSERT INTO `departments_lessons` VALUES (1276, 1166, 14);
INSERT INTO `departments_lessons` VALUES (1277, 1167, 14);
INSERT INTO `departments_lessons` VALUES (1278, 1168, 14);
INSERT INTO `departments_lessons` VALUES (1279, 1169, 14);
INSERT INTO `departments_lessons` VALUES (1280, 1170, 14);
INSERT INTO `departments_lessons` VALUES (1281, 1171, 14);
INSERT INTO `departments_lessons` VALUES (1282, 1172, 14);
INSERT INTO `departments_lessons` VALUES (1283, 1173, 14);
INSERT INTO `departments_lessons` VALUES (1284, 1174, 14);
INSERT INTO `departments_lessons` VALUES (1285, 1175, 14);
INSERT INTO `departments_lessons` VALUES (1286, 1176, 14);
INSERT INTO `departments_lessons` VALUES (1287, 1177, 14);
INSERT INTO `departments_lessons` VALUES (1288, 1178, 14);
INSERT INTO `departments_lessons` VALUES (1289, 1179, 14);
INSERT INTO `departments_lessons` VALUES (1290, 1180, 14);
INSERT INTO `departments_lessons` VALUES (1291, 1181, 14);
INSERT INTO `departments_lessons` VALUES (1292, 1182, 14);
INSERT INTO `departments_lessons` VALUES (1293, 1183, 14);
INSERT INTO `departments_lessons` VALUES (1294, 1184, 14);
INSERT INTO `departments_lessons` VALUES (1295, 1185, 14);
INSERT INTO `departments_lessons` VALUES (1296, 1186, 14);
INSERT INTO `departments_lessons` VALUES (1297, 1187, 14);
INSERT INTO `departments_lessons` VALUES (1298, 1188, 14);
INSERT INTO `departments_lessons` VALUES (1299, 1189, 14);
INSERT INTO `departments_lessons` VALUES (1300, 1190, 14);
INSERT INTO `departments_lessons` VALUES (1301, 1191, 14);
INSERT INTO `departments_lessons` VALUES (1302, 1192, 14);
INSERT INTO `departments_lessons` VALUES (1303, 1193, 14);
INSERT INTO `departments_lessons` VALUES (1304, 1194, 14);
INSERT INTO `departments_lessons` VALUES (1305, 1195, 14);
INSERT INTO `departments_lessons` VALUES (1306, 1196, 14);
INSERT INTO `departments_lessons` VALUES (1307, 1197, 14);
INSERT INTO `departments_lessons` VALUES (1308, 1198, 14);
INSERT INTO `departments_lessons` VALUES (1309, 1199, 14);
INSERT INTO `departments_lessons` VALUES (1310, 1200, 14);
INSERT INTO `departments_lessons` VALUES (1311, 1201, 14);
INSERT INTO `departments_lessons` VALUES (1312, 1202, 14);
INSERT INTO `departments_lessons` VALUES (1313, 1203, 14);
INSERT INTO `departments_lessons` VALUES (1314, 1204, 14);
INSERT INTO `departments_lessons` VALUES (1315, 1205, 14);
INSERT INTO `departments_lessons` VALUES (1316, 1206, 14);
INSERT INTO `departments_lessons` VALUES (1317, 1207, 14);
INSERT INTO `departments_lessons` VALUES (1318, 1208, 14);
INSERT INTO `departments_lessons` VALUES (1319, 1209, 14);
INSERT INTO `departments_lessons` VALUES (1320, 1210, 14);
INSERT INTO `departments_lessons` VALUES (1321, 1211, 14);
INSERT INTO `departments_lessons` VALUES (1322, 1212, 14);
INSERT INTO `departments_lessons` VALUES (1323, 1213, 14);
INSERT INTO `departments_lessons` VALUES (1324, 1214, 14);
INSERT INTO `departments_lessons` VALUES (1325, 1215, 14);
INSERT INTO `departments_lessons` VALUES (1326, 1216, 14);
INSERT INTO `departments_lessons` VALUES (1327, 1217, 14);
INSERT INTO `departments_lessons` VALUES (1328, 1218, 14);
INSERT INTO `departments_lessons` VALUES (1329, 1219, 14);
INSERT INTO `departments_lessons` VALUES (1330, 1220, 14);
INSERT INTO `departments_lessons` VALUES (1331, 1221, 14);
INSERT INTO `departments_lessons` VALUES (1332, 1222, 14);
INSERT INTO `departments_lessons` VALUES (1333, 1223, 14);
INSERT INTO `departments_lessons` VALUES (1334, 1224, 14);
INSERT INTO `departments_lessons` VALUES (1335, 1225, 14);
INSERT INTO `departments_lessons` VALUES (1336, 1226, 14);
INSERT INTO `departments_lessons` VALUES (1337, 1227, 14);
INSERT INTO `departments_lessons` VALUES (1338, 1228, 14);
INSERT INTO `departments_lessons` VALUES (1339, 1229, 14);
INSERT INTO `departments_lessons` VALUES (1340, 1230, 14);
INSERT INTO `departments_lessons` VALUES (1341, 1231, 14);
INSERT INTO `departments_lessons` VALUES (1342, 1232, 14);
INSERT INTO `departments_lessons` VALUES (1343, 1233, 14);
INSERT INTO `departments_lessons` VALUES (1344, 1234, 14);
INSERT INTO `departments_lessons` VALUES (1345, 1235, 14);
INSERT INTO `departments_lessons` VALUES (1346, 1236, 14);
INSERT INTO `departments_lessons` VALUES (1347, 1237, 14);
INSERT INTO `departments_lessons` VALUES (1348, 1238, 14);
INSERT INTO `departments_lessons` VALUES (1349, 3, 14);
INSERT INTO `departments_lessons` VALUES (1350, 4, 14);
INSERT INTO `departments_lessons` VALUES (1351, 8, 14);
INSERT INTO `departments_lessons` VALUES (1352, 11, 14);
INSERT INTO `departments_lessons` VALUES (1353, 12, 14);
INSERT INTO `departments_lessons` VALUES (1354, 16, 14);
INSERT INTO `departments_lessons` VALUES (1355, 81, 14);
INSERT INTO `departments_lessons` VALUES (1356, 82, 14);
INSERT INTO `departments_lessons` VALUES (1357, 93, 14);
INSERT INTO `departments_lessons` VALUES (1358, 94, 14);

-- ----------------------------
-- Table structure for lessons
-- ----------------------------
DROP TABLE IF EXISTS `lessons`;
CREATE TABLE `lessons`  (
  `id` int(11) NOT NULL AUTO_INCREMENT,
  `name` varchar(255) CHARACTER SET utf8mb4 COLLATE utf8mb4_turkish_ci NOT NULL,
  `is_common` tinyint(1) NOT NULL DEFAULT 0,
  `credit` float NOT NULL DEFAULT 3,
  `akts` int(2) NOT NULL DEFAULT 4,
  `language` varchar(2) CHARACTER SET utf8mb4 COLLATE utf8mb4_turkish_ci NOT NULL DEFAULT 'tr',
  `semester` int(1) NOT NULL DEFAULT 0,
  PRIMARY KEY (`id`) USING BTREE
) ENGINE = MyISAM AUTO_INCREMENT = 1239 CHARACTER SET = utf8mb4 COLLATE = utf8mb4_turkish_ci ROW_FORMAT = Dynamic;

-- ----------------------------
-- Records of lessons
-- ----------------------------
INSERT INTO `lessons` VALUES (1, 'Calculus I', 0, 4, 6, 'en', 1);
INSERT INTO `lessons` VALUES (2, 'Fizik I', 0, 4, 6, 'tr', 1);
INSERT INTO `lessons` VALUES (3, 'Atatürk İlkeleri ve İnkılap Tarihi I', 1, 2, 2, 'tr', 1);
INSERT INTO `lessons` VALUES (4, 'Türk Dili I', 1, 2, 2, 'tr', 1);
INSERT INTO `lessons` VALUES (5, 'Introduction To Algorithms', 0, 4, 6, 'en', 1);
INSERT INTO `lessons` VALUES (6, 'Discrete Mathematics', 0, 3, 5, 'en', 1);
INSERT INTO `lessons` VALUES (7, 'Bilgisayar Mühendisliğine Giriş', 0, 2, 2, 'tr', 1);
INSERT INTO `lessons` VALUES (8, 'Güzel Sanatlar I*', 1, 0, 1, 'tr', 1);
INSERT INTO `lessons` VALUES (9, 'Calculus II', 0, 4, 6, 'en', 2);
INSERT INTO `lessons` VALUES (10, 'Fizik II', 0, 4, 6, 'tr', 2);
INSERT INTO `lessons` VALUES (11, 'Atatürk İlkeleri ve İnkılap Tarihi II', 1, 2, 2, 'tr', 2);
INSERT INTO `lessons` VALUES (12, 'Türk Dili II', 1, 2, 2, 'tr', 2);
INSERT INTO `lessons` VALUES (13, 'Introduction To Programming', 0, 4, 6, 'en', 2);
INSERT INTO `lessons` VALUES (14, 'Linear Algebra', 0, 3, 5, 'en', 2);
INSERT INTO `lessons` VALUES (15, 'Bilişim Etiği', 0, 2, 2, 'tr', 2);
INSERT INTO `lessons` VALUES (16, 'Güzel Sanatlar II*', 1, 0, 1, 'tr', 2);
INSERT INTO `lessons` VALUES (17, 'Lojik Devre Tasarımı', 0, 3, 5, 'tr', 3);
INSERT INTO `lessons` VALUES (18, 'Veri Yapıları', 0, 4, 6, 'tr', 3);
INSERT INTO `lessons` VALUES (19, 'Olasılık Teorisi ve İstatistik', 0, 3, 5, 'tr', 3);
INSERT INTO `lessons` VALUES (20, 'Nesneye Yönelik Programlama', 0, 4, 5, 'tr', 3);
INSERT INTO `lessons` VALUES (21, 'Devreler ve Sistemler', 0, 4, 6, 'tr', 3);
INSERT INTO `lessons` VALUES (22, 'Differential Equations', 0, 2, 3, 'en', 3);
INSERT INTO `lessons` VALUES (23, 'Bilgisayar Organizasyonu ve Tasarımı', 0, 3, 5, 'tr', 4);
INSERT INTO `lessons` VALUES (24, 'Sayısal Metotlar', 0, 3, 5, 'tr', 4);
INSERT INTO `lessons` VALUES (25, 'Mikroişlemciler', 0, 3, 5, 'tr', 4);
INSERT INTO `lessons` VALUES (26, 'File Organization', 0, 4, 5, 'en', 4);
INSERT INTO `lessons` VALUES (27, 'Lojik Devre Laboratuvarı', 0, 1, 2, 'tr', 4);
INSERT INTO `lessons` VALUES (28, 'Programming Applications', 0, 3, 4, 'en', 4);
INSERT INTO `lessons` VALUES (29, 'Formal Diller ve Otomatlar*', 0, 3, 4, 'tr', 4);
INSERT INTO `lessons` VALUES (30, 'Random and Stochastic Processes*', 0, 3, 4, 'en', 4);
INSERT INTO `lessons` VALUES (31, 'Veri Tabanı Yönetim Sistemleri', 0, 3, 5, 'tr', 5);
INSERT INTO `lessons` VALUES (32, 'Algorithm Analysis', 0, 3, 5, 'tr', 5);
INSERT INTO `lessons` VALUES (33, 'Signal Processing', 0, 3, 5, 'tr', 5);
INSERT INTO `lessons` VALUES (34, 'Operating Systems ', 0, 4, 6, 'tr', 5);
INSERT INTO `lessons` VALUES (35, 'Bilgisayar Organizasyonu ve Tasarımı Laboratuvarı', 0, 1, 2, 'tr', 5);
INSERT INTO `lessons` VALUES (36, 'Data Communications*', 0, 3, 5, 'en', 5);
INSERT INTO `lessons` VALUES (37, 'Sistem Programlama*', 0, 3, 5, 'tr', 5);
INSERT INTO `lessons` VALUES (38, 'Artificial Intelligence and Expert Systems*', 0, 3, 5, 'en', 5);
INSERT INTO `lessons` VALUES (39, 'Bilişim Hukuku*', 0, 2, 2, 'tr', 5);
INSERT INTO `lessons` VALUES (40, 'Mühendislik Ekonomisi*', 0, 2, 2, 'tr', 5);
INSERT INTO `lessons` VALUES (41, 'Yönetim Bilişim Sistemleri*', 0, 2, 2, 'tr', 5);
INSERT INTO `lessons` VALUES (42, 'Bilgisayar Mimarisi', 0, 3, 6, 'tr', 6);
INSERT INTO `lessons` VALUES (43, 'Software Engineering', 0, 4, 6, 'tr', 6);
INSERT INTO `lessons` VALUES (44, 'Computer Networks and Technologies ', 0, 4, 6, 'en', 6);
INSERT INTO `lessons` VALUES (45, 'Web Programlama*', 0, 3, 5, 'tr', 6);
INSERT INTO `lessons` VALUES (46, 'Software Testing and Quality*', 0, 3, 5, 'en', 6);
INSERT INTO `lessons` VALUES (47, 'Bilgisayar Grafikleri*', 0, 3, 5, 'tr', 6);
INSERT INTO `lessons` VALUES (48, 'Elektronik Devreler*', 0, 3, 5, 'tr', 6);
INSERT INTO `lessons` VALUES (49, 'Görüntü İşleme*', 0, 3, 5, 'tr', 6);
INSERT INTO `lessons` VALUES (50, 'İnsan Bilgisayar Etkileşimi*', 0, 3, 5, 'tr', 6);
INSERT INTO `lessons` VALUES (51, 'İş Sağlığı ve Güvenliği*', 0, 2, 2, 'tr', 6);
INSERT INTO `lessons` VALUES (52, 'İş Hukuku*', 0, 2, 2, 'tr', 6);
INSERT INTO `lessons` VALUES (53, 'İşaret Dili*', 0, 2, 2, 'tr', 6);
INSERT INTO `lessons` VALUES (54, 'Bilişim Proje Geliştirme', 0, 2, 10, 'tr', 7);
INSERT INTO `lessons` VALUES (55, 'Bilgisayar Aritmetiği*', 0, 3, 5, 'tr', 7);
INSERT INTO `lessons` VALUES (56, 'Derleyici Tasarımı*', 0, 3, 5, 'tr', 7);
INSERT INTO `lessons` VALUES (57, 'Introduction to Machine Learning*', 0, 3, 5, 'en', 7);
INSERT INTO `lessons` VALUES (58, 'İnformasyon Güvenliği ve Kriptoloji*', 0, 3, 5, 'tr', 7);
INSERT INTO `lessons` VALUES (59, 'Yöneylem Araştırması*', 0, 3, 5, 'tr', 7);
INSERT INTO `lessons` VALUES (60, 'Scripting Languages*', 0, 3, 5, 'en', 7);
INSERT INTO `lessons` VALUES (61, 'Neural Networks*', 0, 3, 5, 'en', 7);
INSERT INTO `lessons` VALUES (62, 'Mobile Programming*', 0, 3, 5, 'tr', 7);
INSERT INTO `lessons` VALUES (63, 'Parallel and Distributed Systems*', 0, 3, 5, 'en', 7);
INSERT INTO `lessons` VALUES (64, 'Bulanık Mantık*', 0, 3, 5, 'tr', 7);
INSERT INTO `lessons` VALUES (65, 'Kablosuz Haberleşme Ağları*', 0, 3, 5, 'tr', 7);
INSERT INTO `lessons` VALUES (66, 'Bitirme Projesi', 0, 2, 10, 'tr', 8);
INSERT INTO `lessons` VALUES (67, 'Advanced Algorithm Analysis*', 0, 3, 5, 'en', 8);
INSERT INTO `lessons` VALUES (68, 'Information Technology Management and Standards*', 0, 3, 5, 'en', 8);
INSERT INTO `lessons` VALUES (69, 'Bilgisayar Ağlarında Güvenlik*', 0, 3, 5, 'tr', 8);
INSERT INTO `lessons` VALUES (70, 'Image Processing*', 0, 3, 5, 'en', 8);
INSERT INTO `lessons` VALUES (71, 'Special Topics on Computer Networks*', 0, 3, 5, 'en', 8);
INSERT INTO `lessons` VALUES (72, 'System Modeling and Simulations*', 0, 3, 5, 'en', 8);
INSERT INTO `lessons` VALUES (73, 'VLSI Design*', 0, 3, 5, 'en', 8);
INSERT INTO `lessons` VALUES (74, 'Gömülü Sistemler ve Uygulamaları*', 0, 3, 5, 'tr', 8);
INSERT INTO `lessons` VALUES (75, 'Ağ Programlama*', 0, 3, 5, 'tr', 8);
INSERT INTO `lessons` VALUES (76, 'Object Oriented Analysis and Design*', 0, 3, 5, 'en', 8);
INSERT INTO `lessons` VALUES (77, 'Web Engineering*', 0, 3, 5, 'en', 8);
INSERT INTO `lessons` VALUES (78, 'Uygulamalı Girişimcilik*', 0, 3, 5, 'tr', 8);
INSERT INTO `lessons` VALUES (79, 'Finansta Bilişim Teknolojileri*', 0, 3, 5, 'tr', 8);
INSERT INTO `lessons` VALUES (80, 'Bilgisayar Programlama', 0, 3, 4, 'tr', 1);
INSERT INTO `lessons` VALUES (81, 'Yabancı Öğrenciler İçin Atatürk İlkeleri ve İnkılap Tarihi I*', 1, 2, 2, 'tr', 1);
INSERT INTO `lessons` VALUES (82, 'Yabancı Öğrenciler İçin Türk Dili I*', 1, 2, 2, 'tr', 1);
INSERT INTO `lessons` VALUES (83, 'Çevre Mühendisliğine Giriş', 0, 2, 3, 'tr', 1);
INSERT INTO `lessons` VALUES (84, 'Genel Kimya', 0, 3, 4, 'tr', 1);
INSERT INTO `lessons` VALUES (85, 'Matematik I', 0, 5, 6, 'tr', 1);
INSERT INTO `lessons` VALUES (86, 'Yabancı Dil I', 0, 2, 2, 'en', 1);
INSERT INTO `lessons` VALUES (87, 'Fizik I', 0, 4, 6, 'tr', 1);
INSERT INTO `lessons` VALUES (88, 'Ekoloji', 0, 2, 3, 'tr', 2);
INSERT INTO `lessons` VALUES (89, 'Fizik II', 0, 4, 6, 'tr', 2);
INSERT INTO `lessons` VALUES (90, 'İstatistik ve Olasılık', 0, 2, 4, 'tr', 2);
INSERT INTO `lessons` VALUES (91, 'Matematik II', 0, 5, 6, 'tr', 2);
INSERT INTO `lessons` VALUES (92, 'Statik ve Mukavemet', 0, 2, 4, 'tr', 2);
INSERT INTO `lessons` VALUES (93, 'Yabancı Öğrenciler İçin Atatürk İlkeleri ve İnkılap Tarihi II*', 1, 2, 2, 'tr', 2);
INSERT INTO `lessons` VALUES (94, 'Yabancı Öğrenciler İçin Türk Dili II*', 1, 2, 2, 'tr', 2);
INSERT INTO `lessons` VALUES (95, 'Yabancı Dil II', 0, 2, 2, 'en', 2);
INSERT INTO `lessons` VALUES (96, 'Akışkanlar Mekaniği', 0, 2, 3, 'tr', 3);
INSERT INTO `lessons` VALUES (97, 'Avrupa Birliği Çevre Politikaları ve Uygulamaları*', 0, 2, 3, 'tr', 3);
INSERT INTO `lessons` VALUES (98, 'Çevre Jeolojisi*', 0, 2, 3, 'tr', 3);
INSERT INTO `lessons` VALUES (99, 'Çevre Kimyası I', 0, 3, 4, 'tr', 3);
INSERT INTO `lessons` VALUES (100, 'Çevre Mikrobiyolojisi', 0, 3, 4, 'tr', 3);
INSERT INTO `lessons` VALUES (101, 'Çevre Mühendisliğinde Güncel Bilgisayar Uygulamaları', 0, 3, 4, 'tr', 3);
INSERT INTO `lessons` VALUES (102, 'Diferansiyel Denklemler ', 0, 4, 6, 'tr', 3);
INSERT INTO `lessons` VALUES (103, 'Halk Sağlığı ve Çevre*', 0, 2, 3, 'tr', 3);
INSERT INTO `lessons` VALUES (104, 'İletişim ve Takım Çalışması*', 0, 2, 3, 'tr', 3);
INSERT INTO `lessons` VALUES (105, 'Kentleşme ve Çevre Sorunları*', 0, 2, 3, 'tr', 3);
INSERT INTO `lessons` VALUES (106, 'Ölçme Bilgisi*', 0, 2, 3, 'tr', 3);
INSERT INTO `lessons` VALUES (107, 'Termodinamik', 0, 2, 3, 'tr', 3);
INSERT INTO `lessons` VALUES (108, 'Bilgisayar Destekli Teknik Resim', 0, 4, 5, 'tr', 4);
INSERT INTO `lessons` VALUES (109, 'Çevre Kimyası II', 0, 3, 5, 'tr', 4);
INSERT INTO `lessons` VALUES (110, 'Çevre Mühendisliğinde Taşınım Prosesleri', 0, 2, 3, 'tr', 4);
INSERT INTO `lessons` VALUES (111, 'Çevresel Toksikoloji*', 0, 2, 3, 'tr', 4);
INSERT INTO `lessons` VALUES (112, 'Deniz ve Göl Bilimi*', 0, 2, 3, 'tr', 4);
INSERT INTO `lessons` VALUES (113, 'Gürültü Kirlenmesi ve Kontrolü*', 0, 2, 3, 'tr', 4);
INSERT INTO `lessons` VALUES (114, 'Hidrolik', 0, 2, 4, 'tr', 4);
INSERT INTO `lessons` VALUES (115, 'Hidroloji', 0, 2, 4, 'tr', 4);
INSERT INTO `lessons` VALUES (116, 'İklim Değişikliği ve Çevresel Etkileri*', 0, 2, 3, 'tr', 4);
INSERT INTO `lessons` VALUES (117, 'Laboratuar Stajı', 0, 0, 0, 'tr', 4);
INSERT INTO `lessons` VALUES (118, 'Malzeme Bilgisi', 0, 2, 3, 'tr', 4);
INSERT INTO `lessons` VALUES (119, 'Temiz Enerji Teknolojileri*', 0, 2, 3, 'tr', 4);
INSERT INTO `lessons` VALUES (120, 'Zemin Mekaniği*', 0, 2, 3, 'tr', 4);
INSERT INTO `lessons` VALUES (121, 'Araştırma ve Yazım İlkeleri*', 0, 2, 3, 'tr', 5);
INSERT INTO `lessons` VALUES (122, 'Atmosfer Kimyası', 0, 2, 3, 'tr', 5);
INSERT INTO `lessons` VALUES (123, 'Çevresel Kaynakların Yönetimi*', 0, 2, 3, 'tr', 5);
INSERT INTO `lessons` VALUES (124, 'Denize Deşarj Yapıları*', 0, 2, 3, 'tr', 5);
INSERT INTO `lessons` VALUES (125, 'Doğa ve Biyolojik Çeşitlilik*', 0, 2, 3, 'tr', 5);
INSERT INTO `lessons` VALUES (126, 'Enstrümental Analiz*', 0, 2, 3, 'tr', 5);
INSERT INTO `lessons` VALUES (127, 'Katı Atıkların Yönetimi', 0, 3, 4, 'tr', 5);
INSERT INTO `lessons` VALUES (128, 'Kimyasal Prosesler', 0, 2, 4, 'tr', 5);
INSERT INTO `lessons` VALUES (129, 'Nümerik Analiz*', 0, 2, 3, 'tr', 5);
INSERT INTO `lessons` VALUES (130, 'Su Temini', 0, 2, 3, 'tr', 5);
INSERT INTO `lessons` VALUES (131, 'Sürdürülebilirlik ve Yeşil Üretim*', 0, 2, 3, 'tr', 5);
INSERT INTO `lessons` VALUES (132, 'Temel İşlemler', 0, 3, 4, 'tr', 5);
INSERT INTO `lessons` VALUES (133, 'Toplam Katile Yönetimi*', 0, 2, 3, 'tr', 5);
INSERT INTO `lessons` VALUES (134, 'Anaerobik Arıtma*', 0, 2, 3, 'tr', 6);
INSERT INTO `lessons` VALUES (135, 'Arıtma Tesisi Hidroliği*', 0, 2, 3, 'tr', 6);
INSERT INTO `lessons` VALUES (136, 'Atıksuların Uzaklaştırılması', 0, 2, 3, 'tr', 6);
INSERT INTO `lessons` VALUES (137, 'Biyolojik Prosesler', 0, 2, 4, 'tr', 6);
INSERT INTO `lessons` VALUES (138, 'Çevresel Örnekleme ve Analiz*', 0, 2, 3, 'tr', 6);
INSERT INTO `lessons` VALUES (139, 'Endüstriyel Atık Yönetimi*', 0, 2, 3, 'tr', 6);
INSERT INTO `lessons` VALUES (140, 'Enerji ve Çevre*', 0, 2, 3, 'tr', 6);
INSERT INTO `lessons` VALUES (141, 'Hava Kirliliği Ölçme Teknkleri*', 0, 2, 3, 'tr', 6);
INSERT INTO `lessons` VALUES (142, 'Hava Kirliliği ve Kontrolü ', 0, 2, 4, 'tr', 6);
INSERT INTO `lessons` VALUES (143, 'İşletme Stajı', 0, 0, 0, 'tr', 6);
INSERT INTO `lessons` VALUES (144, 'Katı Atık Geri Kazanma Teknikleri*', 0, 2, 3, 'tr', 6);
INSERT INTO `lessons` VALUES (145, 'Nanoteknolojilerin Çevresel Uygulamaları ve Etkileri*', 0, 2, 3, 'tr', 6);
INSERT INTO `lessons` VALUES (146, 'Radyoaktif Kirlenme*', 0, 2, 3, 'tr', 6);
INSERT INTO `lessons` VALUES (147, 'Su Kalite Kontrolü', 0, 3, 3, 'tr', 6);
INSERT INTO `lessons` VALUES (148, 'Suların Arıtılması', 0, 2, 4, 'tr', 6);
INSERT INTO `lessons` VALUES (149, 'Arazide Arıtma*', 0, 2, 3, 'tr', 7);
INSERT INTO `lessons` VALUES (150, 'Arıtma Tesislerinde Yapı Teknolojileri*', 0, 2, 3, 'tr', 7);
INSERT INTO `lessons` VALUES (151, 'Atık Yönetiminde Artıma/Depolama/Uzlaştırma Yaklaşımları*', 0, 2, 3, 'tr', 7);
INSERT INTO `lessons` VALUES (152, 'Atıksuların Arıtılması', 0, 3, 4, 'tr', 7);
INSERT INTO `lessons` VALUES (153, 'Bitirme Projesi I', 0, 2, 5, 'tr', 7);
INSERT INTO `lessons` VALUES (154, 'Çevre Ekonomisi', 0, 2, 4, 'tr', 7);
INSERT INTO `lessons` VALUES (155, 'Çevre Etki Değerlendirme*', 0, 2, 3, 'tr', 7);
INSERT INTO `lessons` VALUES (156, 'Çevre Hukuku ', 0, 2, 3, 'tr', 7);
INSERT INTO `lessons` VALUES (157, 'Çevre Mühendisliğinde Moleküler Teknikler*', 0, 2, 3, 'tr', 7);
INSERT INTO `lessons` VALUES (158, 'Hava Kirliliği Modellemesi*', 0, 2, 3, 'tr', 7);
INSERT INTO `lessons` VALUES (159, 'Kirlenmiş Ortamlarda Ağır Metal Giderimi*', 0, 2, 3, 'tr', 7);
INSERT INTO `lessons` VALUES (160, 'Özel ve Tehlikeli Atıklar*', 0, 2, 3, 'tr', 7);
INSERT INTO `lessons` VALUES (161, 'Suların İleri Arıtım Teknolojileri I*', 0, 2, 3, 'tr', 7);
INSERT INTO `lessons` VALUES (162, 'Toprak ve Yeraltı Sularının İyileştirilmesi', 0, 3, 3, 'tr', 7);
INSERT INTO `lessons` VALUES (163, 'Yaşam Döngüsü Analizi Esasları*', 0, 2, 3, 'tr', 7);
INSERT INTO `lessons` VALUES (164, 'Bitirme Projesi II', 0, 2, 5, 'tr', 7);
INSERT INTO `lessons` VALUES (165, 'Aktif Çamur Mikrobiyolojisi*', 0, 2, 3, 'tr', 8);
INSERT INTO `lessons` VALUES (166, 'Arıtma Çamurlarının Yönetimi', 0, 2, 2, 'tr', 8);
INSERT INTO `lessons` VALUES (167, 'Arıtma Tesislerinin İşletilmesi*', 0, 2, 3, 'tr', 8);
INSERT INTO `lessons` VALUES (168, 'Atıksuların Geri Kazanımı ve Yeniden Kullanımı*', 0, 2, 3, 'tr', 8);
INSERT INTO `lessons` VALUES (169, 'Bitirme Projesi I', 0, 2, 5, 'tr', 8);
INSERT INTO `lessons` VALUES (170, 'Bitirme Projesi II', 0, 2, 5, 'tr', 8);
INSERT INTO `lessons` VALUES (171, 'Çevre Mühendisliğinde Isıl İşlemler ve Uygulamaları*', 0, 2, 3, 'tr', 8);
INSERT INTO `lessons` VALUES (172, 'Çevre Mühendisliğinde Proje Yönetimi*', 0, 2, 3, 'tr', 8);
INSERT INTO `lessons` VALUES (173, 'Endüstriyel Atıksuların Kontrolü', 0, 2, 3, 'tr', 8);
INSERT INTO `lessons` VALUES (174, 'Katı Atık Yönetiminde Seçme Konular*', 0, 2, 3, 'tr', 8);
INSERT INTO `lessons` VALUES (175, 'Kentsel Hava Kalitesi Yönetimi*', 0, 2, 3, 'tr', 8);
INSERT INTO `lessons` VALUES (176, 'Mühendislik Etik*', 0, 3, 5, 'tr', 8);
INSERT INTO `lessons` VALUES (177, 'Suların İleri Arıtım Teknolojileri*', 0, 2, 3, 'tr', 8);
INSERT INTO `lessons` VALUES (178, 'Uygulamalı Girişimcilik*', 0, 3, 5, 'tr', 8);
INSERT INTO `lessons` VALUES (179, 'Yüzeysel Suların Modellenmesi', 0, 2, 3, 'tr', 8);
INSERT INTO `lessons` VALUES (180, 'İş Hukuku*', 0, 2, 3, 'tr', 8);
INSERT INTO `lessons` VALUES (181, 'İş Sağlığı ve Güvenliği*', 0, 2, 3, 'tr', 8);
INSERT INTO `lessons` VALUES (182, 'Calculus I ', 0, 5, 6, 'en', 1);
INSERT INTO `lessons` VALUES (183, 'Physics I', 0, 4, 6, 'en', 1);
INSERT INTO `lessons` VALUES (184, 'General Chemistry', 0, 3, 4, 'en', 1);
INSERT INTO `lessons` VALUES (185, 'Introduction to Environmental Engineering', 0, 2, 3, 'en', 1);
INSERT INTO `lessons` VALUES (186, 'Computer Programming', 0, 3, 4, 'en', 1);
INSERT INTO `lessons` VALUES (187, 'Turkish Language I', 0, 2, 2, 'en', 1);
INSERT INTO `lessons` VALUES (188, 'Turkish Language for Foreign Students', 0, 2, 2, 'en', 1);
INSERT INTO `lessons` VALUES (189, 'Ataturk\'s Principles and History of Turkish Revolution I', 0, 2, 2, 'en', 1);
INSERT INTO `lessons` VALUES (190, 'Ataturk\'s Principles and History of Turkish Revolution for', 0, 2, 2, 'en', 1);
INSERT INTO `lessons` VALUES (191, 'Technical English I', 0, 2, 2, 'en', 1);
INSERT INTO `lessons` VALUES (192, 'Art I*', 0, 0, 1, 'en', 1);
INSERT INTO `lessons` VALUES (193, 'Physical Education I*', 0, 0, 1, 'en', 1);
INSERT INTO `lessons` VALUES (194, 'Calculus II ', 0, 5, 6, 'en', 2);
INSERT INTO `lessons` VALUES (195, 'Physics II', 0, 4, 6, 'en', 2);
INSERT INTO `lessons` VALUES (196, 'Statistics and Probability', 0, 2.5, 4, 'en', 2);
INSERT INTO `lessons` VALUES (197, 'Ecology', 0, 2, 3, 'en', 2);
INSERT INTO `lessons` VALUES (198, 'Static and Strength', 0, 2.5, 4, 'en', 2);
INSERT INTO `lessons` VALUES (199, 'Turkish Language II', 0, 2, 2, 'en', 2);
INSERT INTO `lessons` VALUES (200, 'Turkish Language for Foreign Students II', 0, 2, 2, 'en', 2);
INSERT INTO `lessons` VALUES (201, 'Ataturk\'s Principles and History of Turkish Revolution II', 0, 2, 2, 'en', 2);
INSERT INTO `lessons` VALUES (202, 'Ataturk\'s Principles and History of Turkish Revolution for Foreign Students I', 0, 2, 2, 'en', 2);
INSERT INTO `lessons` VALUES (203, 'Technical English', 0, 2, 2, 'en', 2);
INSERT INTO `lessons` VALUES (204, 'Art II* ', 0, 1, 1, 'en', 2);
INSERT INTO `lessons` VALUES (205, 'Physical Education II*', 0, 1, 1, 'en', 2);
INSERT INTO `lessons` VALUES (206, 'Environmental Chemistry I ', 0, 3, 4, 'en', 3);
INSERT INTO `lessons` VALUES (207, 'Differential Equations', 0, 4, 6, 'en', 3);
INSERT INTO `lessons` VALUES (208, 'Fluid Mechanics', 0, 2.5, 3, 'en', 3);
INSERT INTO `lessons` VALUES (209, 'Environmental Microbiology', 0, 3, 4, 'en', 3);
INSERT INTO `lessons` VALUES (210, 'Thermodynamics', 0, 2.5, 3, 'en', 3);
INSERT INTO `lessons` VALUES (211, 'Current Computer Applications in Environmental', 0, 3, 4, 'en', 3);
INSERT INTO `lessons` VALUES (212, 'Surveying*', 0, 2, 3, 'en', 3);
INSERT INTO `lessons` VALUES (213, 'Urbanization and Environmental Problems*', 0, 2, 3, 'en', 3);
INSERT INTO `lessons` VALUES (214, 'Environmental Geology*', 0, 2, 3, 'en', 3);
INSERT INTO `lessons` VALUES (215, 'Public Health and Environment*', 0, 2, 3, 'en', 3);
INSERT INTO `lessons` VALUES (216, 'Communication and Teamwork*', 0, 2, 3, 'en', 3);
INSERT INTO `lessons` VALUES (217, 'Environmental Policy and Applications in the European*', 0, 2, 2, 'en', 3);
INSERT INTO `lessons` VALUES (218, 'Environmental Chemistry II', 0, 3, 5, 'en', 4);
INSERT INTO `lessons` VALUES (219, 'Transport Processes in Environmental Engineering', 0, 2, 3, 'en', 4);
INSERT INTO `lessons` VALUES (220, 'Hydraulics', 0, 2.5, 4, 'en', 4);
INSERT INTO `lessons` VALUES (221, 'Hydrology', 0, 2.5, 4, 'en', 4);
INSERT INTO `lessons` VALUES (222, 'Material Science', 0, 2, 3, 'en', 4);
INSERT INTO `lessons` VALUES (223, 'Computer Aided Technical Drawing', 0, 4, 5, 'en', 4);
INSERT INTO `lessons` VALUES (224, 'Soil Mechanics*', 0, 2, 3, 'en', 4);
INSERT INTO `lessons` VALUES (225, 'Noise Control*', 0, 2, 3, 'en', 4);
INSERT INTO `lessons` VALUES (226, 'Environmental Toxicology*', 0, 2, 3, 'en', 4);
INSERT INTO `lessons` VALUES (227, 'Marine and Lake Sciences*', 0, 2, 3, 'en', 4);
INSERT INTO `lessons` VALUES (228, 'Climate Change and Its Environmental Effects*', 0, 2, 3, 'en', 4);
INSERT INTO `lessons` VALUES (229, 'Clean Energy Technologies*', 0, 2, 3, 'en', 4);
INSERT INTO `lessons` VALUES (230, 'Unit Operations', 0, 3, 4, 'en', 5);
INSERT INTO `lessons` VALUES (231, 'Chemical Processes', 0, 2.5, 4, 'en', 5);
INSERT INTO `lessons` VALUES (232, 'Solid Waste Management', 0, 3, 4, 'en', 5);
INSERT INTO `lessons` VALUES (233, 'Atmospheric Chemistry', 0, 2.5, 3, 'en', 5);
INSERT INTO `lessons` VALUES (234, 'Water Supply', 0, 2.5, 3, 'en', 5);
INSERT INTO `lessons` VALUES (235, 'Environmental Resources Management*', 0, 2, 3, 'en', 5);
INSERT INTO `lessons` VALUES (236, 'Biodiversity and Nature Conservation*', 0, 2, 3, 'en', 5);
INSERT INTO `lessons` VALUES (237, 'Instrumental Analysis*', 0, 2, 3, 'en', 5);
INSERT INTO `lessons` VALUES (238, 'Sustainability and Green Production*', 0, 2, 3, 'en', 5);
INSERT INTO `lessons` VALUES (239, 'Total Quality Management*', 0, 2, 3, 'en', 5);
INSERT INTO `lessons` VALUES (240, 'Principles of Research and Writing*', 0, 2, 3, 'en', 5);
INSERT INTO `lessons` VALUES (241, 'Marine Wastewater Outfalls*', 0, 2, 3, 'en', 5);
INSERT INTO `lessons` VALUES (242, 'Numerical Analysis*', 0, 2, 3, 'en', 5);
INSERT INTO `lessons` VALUES (243, 'Water Treatment', 0, 2.5, 4, 'en', 6);
INSERT INTO `lessons` VALUES (244, 'Air Pollution and Control', 0, 2.5, 4, 'en', 6);
INSERT INTO `lessons` VALUES (245, 'Water Quality Control ', 0, 3, 3, 'en', 6);
INSERT INTO `lessons` VALUES (246, 'Biological Processes', 0, 2.5, 4, 'en', 6);
INSERT INTO `lessons` VALUES (247, 'Wastewater Disposal', 0, 2, 3, 'en', 6);
INSERT INTO `lessons` VALUES (248, 'Air Pollution Measurement Techniques*', 0, 2, 3, 'en', 6);
INSERT INTO `lessons` VALUES (249, 'Environmental Applications and Effects of Nanotechnologies*', 0, 2, 3, 'en', 6);
INSERT INTO `lessons` VALUES (250, 'Environmental Sampling and Analysis*', 0, 2, 3, 'en', 6);
INSERT INTO `lessons` VALUES (251, 'Anaerobic Treatment*', 0, 2, 3, 'en', 6);
INSERT INTO `lessons` VALUES (252, 'Industrial Waste Management*', 0, 2, 3, 'en', 6);
INSERT INTO `lessons` VALUES (253, 'Energy and Environment*', 0, 2, 3, 'en', 6);
INSERT INTO `lessons` VALUES (254, 'Treatment Plant Hydraulics*', 0, 2, 3, 'en', 6);
INSERT INTO `lessons` VALUES (255, 'Radioactive Contamination*', 0, 2, 3, 'en', 6);
INSERT INTO `lessons` VALUES (256, 'Solid Waste Recycling Techniques*', 0, 2, 3, 'en', 6);
INSERT INTO `lessons` VALUES (257, 'Wastewater Treatment', 0, 3, 4, 'en', 7);
INSERT INTO `lessons` VALUES (258, 'Soil and Groundwater Remediation', 0, 3, 3, 'en', 7);
INSERT INTO `lessons` VALUES (259, 'Environmental Law', 0, 2, 2, 'en', 7);
INSERT INTO `lessons` VALUES (260, 'Environmental Economics', 0, 2.5, 4, 'en', 7);
INSERT INTO `lessons` VALUES (261, 'Graduation Project I', 0, 2, 5, 'en', 7);
INSERT INTO `lessons` VALUES (262, 'Environmental Impact Assessment*', 0, 2, 3, 'en', 7);
INSERT INTO `lessons` VALUES (263, 'Construction Technologies in Treatment Plants*', 0, 2, 3, 'en', 7);
INSERT INTO `lessons` VALUES (264, 'Hazardous and Special Wastes*', 0, 2, 3, 'en', 7);
INSERT INTO `lessons` VALUES (265, 'Air Pollution Modeling*', 0, 2, 3, 'en', 7);
INSERT INTO `lessons` VALUES (266, 'Advanced Water Treatment Technologies I*', 0, 2, 3, 'en', 7);
INSERT INTO `lessons` VALUES (267, 'Fundamentals of Life Cycle Analysis*', 0, 2, 3, 'en', 7);
INSERT INTO `lessons` VALUES (268, 'Land Treatment*', 0, 2, 3, 'en', 7);
INSERT INTO `lessons` VALUES (269, 'Heavy Metal Removal from Contaminated Environments*', 0, 2, 3, 'en', 7);
INSERT INTO `lessons` VALUES (270, 'Molecular Techniques in Environmental Engineering*', 0, 2, 3, 'en', 7);
INSERT INTO `lessons` VALUES (271, 'Treatment / Storage / Disposal Approaches in Waste*', 0, 2, 3, 'en', 7);
INSERT INTO `lessons` VALUES (272, 'Sludge Management', 0, 2, 2, 'en', 8);
INSERT INTO `lessons` VALUES (273, 'Surface Water Modeling', 0, 2.5, 3, 'en', 8);
INSERT INTO `lessons` VALUES (274, 'Industrial Wastewater Control', 0, 2.5, 3, 'en', 8);
INSERT INTO `lessons` VALUES (275, 'Graduation Project II', 0, 2, 5, 'en', 8);
INSERT INTO `lessons` VALUES (276, 'Selected Topics in Solid Waste Management*', 0, 2, 3, 'en', 8);
INSERT INTO `lessons` VALUES (277, 'Recycling and Reuse of Wastewater*', 0, 2, 3, 'en', 8);
INSERT INTO `lessons` VALUES (278, 'Advanced Water Treatment Technologies II*', 0, 2, 3, 'en', 8);
INSERT INTO `lessons` VALUES (279, 'Operation of Treatment Plants*', 0, 2, 3, 'en', 8);
INSERT INTO `lessons` VALUES (280, 'Project Management in Environmental Enginering*', 0, 2, 3, 'en', 8);
INSERT INTO `lessons` VALUES (281, 'Urban Air Quality Management*', 0, 2, 3, 'en', 8);
INSERT INTO `lessons` VALUES (282, 'Activated Sludge Microbiology*', 0, 2, 3, 'en', 8);
INSERT INTO `lessons` VALUES (283, 'Thermal Processes and Applications in Environmental Engineering*', 0, 2, 3, 'en', 8);
INSERT INTO `lessons` VALUES (284, 'Occupational Health and Safety*', 0, 2, 3, 'en', 8);
INSERT INTO `lessons` VALUES (285, 'Occupational Law*', 0, 2, 3, 'en', 8);
INSERT INTO `lessons` VALUES (286, 'Bilgisayar Temelleri ve Programlamaya Giriş', 0, 3, 5, 'tr', 1);
INSERT INTO `lessons` VALUES (287, 'Deniz Örf ve Adetleri ve Liderlik', 0, 2, 2, 'tr', 1);
INSERT INTO `lessons` VALUES (288, 'Deniz Ulaştırma İşletme Müh. Giriş', 0, 2, 2, 'tr', 1);
INSERT INTO `lessons` VALUES (289, 'Fizik I', 0, 4, 6, 'tr', 1);
INSERT INTO `lessons` VALUES (290, 'Genel Kimya', 0, 3, 4, 'tr', 1);
INSERT INTO `lessons` VALUES (291, 'Matematik I', 0, 5, 6, 'tr', 1);
INSERT INTO `lessons` VALUES (292, '1.Deniz Stajı', 0, 2, 2, 'tr', 2);
INSERT INTO `lessons` VALUES (293, 'Beden Yeterliliği', 0, 1, 1, 'tr', 2);
INSERT INTO `lessons` VALUES (294, 'Denizcilik Tarihi ve Kültürü*', 0, 0, 2, 'tr', 2);
INSERT INTO `lessons` VALUES (295, 'Denizde Güvenlik-Temel*', 0, 0, 2, 'tr', 2);
INSERT INTO `lessons` VALUES (296, 'Fizik II', 0, 4, 6, 'tr', 2);
INSERT INTO `lessons` VALUES (297, 'Gemicilik I', 0, 2, 2, 'tr', 2);
INSERT INTO `lessons` VALUES (298, 'Matematik II', 0, 5, 6, 'tr', 2);
INSERT INTO `lessons` VALUES (299, 'Seyire Giriş', 0, 2, 2, 'tr', 2);
INSERT INTO `lessons` VALUES (300, 'Teknik Resim', 0, 3, 5, 'tr', 2);
INSERT INTO `lessons` VALUES (301, 'Bilgisayar Uygulamaları', 0, 1, 2, 'tr', 3);
INSERT INTO `lessons` VALUES (302, 'Denizcilik İngilizcesi I', 0, 2, 4, 'tr', 3);
INSERT INTO `lessons` VALUES (303, 'Denizcilik Kimyası', 0, 1, 2, 'tr', 3);
INSERT INTO `lessons` VALUES (304, 'Düzlem Seyir', 0, 2, 3, 'tr', 3);
INSERT INTO `lessons` VALUES (305, 'Ekonomi', 0, 2, 2, 'tr', 3);
INSERT INTO `lessons` VALUES (306, 'Elektronik', 0, 2, 2, 'tr', 3);
INSERT INTO `lessons` VALUES (307, 'Gemi İnşa I', 0, 2, 2, 'tr', 3);
INSERT INTO `lessons` VALUES (308, 'İstatistik I', 0, 3, 3, 'tr', 3);
INSERT INTO `lessons` VALUES (309, 'İşletme Yönetimi', 0, 2, 4, 'tr', 3);
INSERT INTO `lessons` VALUES (310, 'İşletmelerde Bilgisayar Uygulamaları', 0, 3, 5, 'tr', 3);
INSERT INTO `lessons` VALUES (311, 'Maliyet Muhasebesi', 0, 3, 5, 'tr', 3);
INSERT INTO `lessons` VALUES (312, 'Malzeme Bilgisi', 0, 2, 3, 'tr', 3);
INSERT INTO `lessons` VALUES (313, 'Matematik III', 0, 4, 4, 'tr', 3);
INSERT INTO `lessons` VALUES (314, 'Termodinamik', 0, 3, 4, 'tr', 3);
INSERT INTO `lessons` VALUES (315, 'Vardiya Standartları I', 0, 2, 2, 'tr', 3);
INSERT INTO `lessons` VALUES (316, '2. Deniz Stajı', 0, 0, 0, 'tr', 4);
INSERT INTO `lessons` VALUES (317, 'Deniz Ve Çevre Koruma*', 0, 2, 3, 'tr', 4);
INSERT INTO `lessons` VALUES (318, 'Denizcilik İngilizcesi II', 0, 2, 3, 'tr', 4);
INSERT INTO `lessons` VALUES (319, 'Denizcilik İngilizcesi II*', 0, 2, 3, 'tr', 4);
INSERT INTO `lessons` VALUES (320, 'Diferansiyel Denklemler', 0, 4, 6, 'tr', 4);
INSERT INTO `lessons` VALUES (321, 'Ekonomik Coğrafya*', 0, 2, 3, 'tr', 4);
INSERT INTO `lessons` VALUES (322, 'Elektronik Seyir I', 0, 2, 3, 'tr', 4);
INSERT INTO `lessons` VALUES (323, 'Gemi Dengesi*', 0, 2, 3, 'tr', 4);
INSERT INTO `lessons` VALUES (324, 'Gemicilik II', 0, 1, 2, 'tr', 4);
INSERT INTO `lessons` VALUES (325, 'Göksel Seyir', 0, 2, 3, 'tr', 4);
INSERT INTO `lessons` VALUES (326, 'İstatistik II', 0, 2, 6, 'tr', 4);
INSERT INTO `lessons` VALUES (327, 'Liman ve Terminal Bilgisi', 0, 2, 2, 'tr', 4);
INSERT INTO `lessons` VALUES (328, 'Mekanik', 0, 2, 3, 'tr', 4);
INSERT INTO `lessons` VALUES (329, 'Pazarlama Hileleri*', 0, 2, 3, 'tr', 4);
INSERT INTO `lessons` VALUES (330, 'Temel Hukuk*', 0, 2, 3, 'tr', 4);
INSERT INTO `lessons` VALUES (331, 'Uluslararası Ticaret*', 0, 2, 3, 'tr', 4);
INSERT INTO `lessons` VALUES (332, 'Vardiya Standartları II', 0, 2, 2, 'tr', 4);
INSERT INTO `lessons` VALUES (333, 'Deniz İş Hukuku*', 0, 2, 3, 'tr', 5);
INSERT INTO `lessons` VALUES (334, 'Deniz Meteorolojisi I', 0, 2, 3, 'tr', 5);
INSERT INTO `lessons` VALUES (335, 'Denizcilik İngilizcesi III*', 0, 2, 3, 'tr', 5);
INSERT INTO `lessons` VALUES (336, 'Denizcilik Organizasyonları ve Sözleşmeleri', 0, 3, 5, 'tr', 5);
INSERT INTO `lessons` VALUES (337, 'Denizcilikte Bilişim Sistemleri*', 0, 2, 3, 'tr', 5);
INSERT INTO `lessons` VALUES (338, 'Denizde Güvenlik-Yönetim', 0, 2, 2, 'tr', 5);
INSERT INTO `lessons` VALUES (339, 'Denizde Haberleşme', 0, 3, 3, 'tr', 5);
INSERT INTO `lessons` VALUES (340, 'Gemi İşletmeciliği I*', 0, 2, 3, 'tr', 5);
INSERT INTO `lessons` VALUES (341, 'Gemi Kiralama Ve Brokerlik', 0, 3, 6, 'tr', 5);
INSERT INTO `lessons` VALUES (342, 'Gemi Manevrası I*', 0, 2, 3, 'tr', 5);
INSERT INTO `lessons` VALUES (343, 'Gemi Yönetimi Uygulamaları I', 0, 2, 2, 'tr', 5);
INSERT INTO `lessons` VALUES (344, 'Gemi Yük İşlemleri I', 0, 2, 2, 'tr', 5);
INSERT INTO `lessons` VALUES (345, 'Güvenlik ve Kalite Yönetimi*', 0, 2, 3, 'tr', 5);
INSERT INTO `lessons` VALUES (346, 'İşletme İngilizcesi I', 0, 2, 3, 'tr', 5);
INSERT INTO `lessons` VALUES (347, 'İşletme İngilizcesi I*', 0, 2, 3, 'tr', 5);
INSERT INTO `lessons` VALUES (348, 'İşletme Matematiği', 0, 2, 5, 'tr', 5);
INSERT INTO `lessons` VALUES (349, 'Lojistik Yönetimi', 0, 2, 5, 'tr', 5);
INSERT INTO `lessons` VALUES (350, 'Siyasi Düşünce Tarihi', 0, 3, 3, 'tr', 5);
INSERT INTO `lessons` VALUES (351, 'Tersane İşletmeciliği*', 0, 2, 3, 'tr', 5);
INSERT INTO `lessons` VALUES (352, 'Ulaştırma Mühendisliği*', 0, 2, 3, 'tr', 5);
INSERT INTO `lessons` VALUES (353, 'Uluslararası Denizcilik Sözleşmeleri I*', 0, 2, 3, 'tr', 5);
INSERT INTO `lessons` VALUES (354, 'Açık Deniz Stajı', 0, 16, 30, 'tr', 5);
INSERT INTO `lessons` VALUES (355, '3. Deniz Stajı', 0, 0, 0, 'tr', 6);
INSERT INTO `lessons` VALUES (356, 'Açık Deniz Stajı', 0, 16, 30, 'tr', 6);
INSERT INTO `lessons` VALUES (357, 'Deniz Ticaret Hukuku', 0, 3, 7, 'tr', 6);
INSERT INTO `lessons` VALUES (358, 'Denizcilikte Müşteri İlişkileri Yönetimi*', 0, 2, 2, 'tr', 6);
INSERT INTO `lessons` VALUES (359, 'Forvarder İşletmeciliği*', 0, 2, 2, 'tr', 6);
INSERT INTO `lessons` VALUES (360, 'Gemi Ve Acente İşletmeciliği', 0, 3, 8, 'tr', 6);
INSERT INTO `lessons` VALUES (361, 'İş Hukuku*', 0, 2, 2, 'tr', 6);
INSERT INTO `lessons` VALUES (362, 'İşletme İngilizcesi II*', 0, 2, 2, 'tr', 6);
INSERT INTO `lessons` VALUES (363, 'Limanlar Ve Terminaller', 0, 3, 7, 'tr', 6);
INSERT INTO `lessons` VALUES (364, 'Tanker İşletmeciliği*', 0, 2, 2, 'tr', 6);
INSERT INTO `lessons` VALUES (365, 'Türk Denizcilik Tarihi*', 0, 2, 2, 'tr', 6);
INSERT INTO `lessons` VALUES (366, 'Bilimsel Araştırma Teknikleri*', 0, 2, 3, 'tr', 7);
INSERT INTO `lessons` VALUES (367, 'Bitirme Projesi I', 0, 2, 2, 'tr', 7);
INSERT INTO `lessons` VALUES (368, 'Bitirme Projesi I', 0, 2, 8, 'tr', 7);
INSERT INTO `lessons` VALUES (369, 'Deniz Turizmi ve Marina İşletmeciliği*', 0, 2, 3, 'tr', 7);
INSERT INTO `lessons` VALUES (370, 'Denizde Güvenlik-İleri', 0, 1, 1, 'tr', 7);
INSERT INTO `lessons` VALUES (371, 'Filo Yönetimi*', 0, 2, 3, 'tr', 7);
INSERT INTO `lessons` VALUES (372, 'Gemi İşletmeciliği II*', 0, 2, 3, 'tr', 7);
INSERT INTO `lessons` VALUES (373, 'Gemi Makinaları*', 0, 2, 3, 'tr', 7);
INSERT INTO `lessons` VALUES (374, 'Gemi Manevrası II', 0, 1, 2, 'tr', 7);
INSERT INTO `lessons` VALUES (375, 'Gemi Yönetimi Uygulamaları II', 0, 3, 2, 'tr', 7);
INSERT INTO `lessons` VALUES (376, 'Gemi Yük İşlemleri II', 0, 1, 2, 'tr', 7);
INSERT INTO `lessons` VALUES (377, 'İleri Seyir*', 0, 2, 3, 'tr', 7);
INSERT INTO `lessons` VALUES (378, 'İşletme İngilizcesi III*', 0, 2, 3, 'tr', 7);
INSERT INTO `lessons` VALUES (379, 'Personel Yönetimi*', 0, 2, 3, 'tr', 7);
INSERT INTO `lessons` VALUES (380, 'Risk Yönetimi*', 0, 2, 3, 'tr', 7);
INSERT INTO `lessons` VALUES (381, 'Tedarik Zinciri Yönetimi*', 0, 2, 3, 'tr', 7);
INSERT INTO `lessons` VALUES (382, 'Terminal Operasyonları ve Yönetimi*', 0, 2, 3, 'tr', 7);
INSERT INTO `lessons` VALUES (383, 'Ulaştırma Sistemleri ve Teknikleri', 0, 3, 5, 'tr', 7);
INSERT INTO `lessons` VALUES (384, 'Uluslararası Deniz Hukuku*', 0, 2, 3, 'tr', 7);
INSERT INTO `lessons` VALUES (385, 'Uluslararası Denizcilik Sözleşmeleri II*', 0, 2, 3, 'tr', 7);
INSERT INTO `lessons` VALUES (386, 'Yatırım ve Finansman*', 0, 2, 3, 'tr', 7);
INSERT INTO `lessons` VALUES (387, 'Yöneylem Araştırması', 0, 3, 5, 'tr', 7);
INSERT INTO `lessons` VALUES (388, 'Bitirme Projesi II', 0, 2, 6, 'tr', 8);
INSERT INTO `lessons` VALUES (389, 'Deniz Meteorolojisi II', 0, 2, 3, 'tr', 8);
INSERT INTO `lessons` VALUES (390, 'Deniz Ticaret Hukuku*', 0, 2, 2, 'tr', 8);
INSERT INTO `lessons` VALUES (391, 'Denizcilik İngilizcesi IV*', 0, 2, 2, 'tr', 8);
INSERT INTO `lessons` VALUES (392, 'Denizcilik Politikaları*', 0, 2, 3, 'tr', 8);
INSERT INTO `lessons` VALUES (393, 'Denizcilik Sigortaları*', 0, 2, 2, 'tr', 8);
INSERT INTO `lessons` VALUES (394, 'Denizcilikte Kalite Yönetimi*', 0, 2, 3, 'tr', 8);
INSERT INTO `lessons` VALUES (395, 'Elektronik Seyir II', 0, 1, 2, 'tr', 8);
INSERT INTO `lessons` VALUES (396, 'Gemi İnşa II*', 0, 2, 2, 'tr', 8);
INSERT INTO `lessons` VALUES (397, 'Gemi Kiralama Hukuku*', 0, 2, 3, 'tr', 8);
INSERT INTO `lessons` VALUES (398, 'Gemi Kiralama ve Brokerlik*', 0, 2, 3, 'tr', 8);
INSERT INTO `lessons` VALUES (399, 'Gemi Yük Operasyonları*', 0, 3, 5, 'tr', 8);
INSERT INTO `lessons` VALUES (400, 'İş Etüdü', 0, 2, 4, 'tr', 8);
INSERT INTO `lessons` VALUES (401, 'Kimyasal Tanker İşletmeciliği*', 0, 2, 2, 'tr', 8);
INSERT INTO `lessons` VALUES (402, 'Liman İşletmeleri Yönetimi*', 0, 2, 3, 'tr', 8);
INSERT INTO `lessons` VALUES (403, 'Lojistik*', 0, 3, 5, 'tr', 8);
INSERT INTO `lessons` VALUES (404, 'Sektör Analizi', 0, 1, 3, 'tr', 8);
INSERT INTO `lessons` VALUES (405, 'Sistem Simülasyonu*', 0, 2, 3, 'tr', 8);
INSERT INTO `lessons` VALUES (406, 'Tehlikeli Yük Taşımacılığı*', 0, 2, 3, 'tr', 8);
INSERT INTO `lessons` VALUES (407, 'Ulaştırma Sistemleri*', 0, 2, 2, 'tr', 8);
INSERT INTO `lessons` VALUES (408, 'Uygulamalı Girişimcilik*', 0, 3, 5, 'tr', 8);
INSERT INTO `lessons` VALUES (409, 'Vardiya Standartları III*', 0, 2, 2, 'tr', 8);
INSERT INTO `lessons` VALUES (410, 'Yatırım Planlaması*', 0, 2, 3, 'tr', 8);
INSERT INTO `lessons` VALUES (411, 'Yöneylem Araştırması Uygulamaları*', 0, 3, 5, 'tr', 8);
INSERT INTO `lessons` VALUES (412, 'Yöneylem Araştırmasına Giriş*', 0, 3, 5, 'tr', 8);
INSERT INTO `lessons` VALUES (413, 'Matematik I', 0, 5, 6, 'tr', 1);
INSERT INTO `lessons` VALUES (414, 'Fizik I', 0, 4, 6, 'tr', 1);
INSERT INTO `lessons` VALUES (415, 'Introduction to Computers and Programming', 0, 3, 7, 'en', 1);
INSERT INTO `lessons` VALUES (416, 'Elektriksel Malzemeler', 0, 3, 8, 'tr', 1);
INSERT INTO `lessons` VALUES (417, 'Beden Eğitimi I*', 0, 0, 1, 'tr', 1);
INSERT INTO `lessons` VALUES (418, 'Matematik II', 0, 5, 6, 'tr', 2);
INSERT INTO `lessons` VALUES (419, 'Fizik II', 0, 4, 6, 'tr', 2);
INSERT INTO `lessons` VALUES (420, 'Linear Algebra', 0, 3, 7, 'en', 2);
INSERT INTO `lessons` VALUES (421, 'Sayısal Analiz', 0, 3, 8, 'tr', 2);
INSERT INTO `lessons` VALUES (422, 'Beden Eğitimi II*', 0, 0, 1, 'tr', 2);
INSERT INTO `lessons` VALUES (423, 'Circuit Theory', 0, 3, 7, 'en', 3);
INSERT INTO `lessons` VALUES (424, 'Diferansiyel Denklemler', 0, 2, 2, 'tr', 3);
INSERT INTO `lessons` VALUES (425, 'Calculus III', 0, 3, 7, 'en', 3);
INSERT INTO `lessons` VALUES (426, 'Logic Circuits', 0, 3, 6, 'en', 3);
INSERT INTO `lessons` VALUES (427, 'Ekonomi', 0, 2, 2, 'tr', 3);
INSERT INTO `lessons` VALUES (428, 'Atatürk İlkeleri ve İnkılap Tarihi I', 0, 2, 2, 'tr', 3);
INSERT INTO `lessons` VALUES (429, 'Circuit Analysis', 0, 3, 5, 'en', 4);
INSERT INTO `lessons` VALUES (430, 'Signals and Systems', 0, 3, 5, 'en', 4);
INSERT INTO `lessons` VALUES (431, 'Electromagnetic Field Theory', 0, 3, 6, 'en', 4);
INSERT INTO `lessons` VALUES (432, 'Elektronik Devreler I', 0, 3, 4, 'tr', 4);
INSERT INTO `lessons` VALUES (433, 'Circuit Laboratory', 0, 1, 2, 'en', 4);
INSERT INTO `lessons` VALUES (434, 'Atatürk İlkeleri ve İnkılap Tarihi II', 0, 2, 2, 'tr', 4);
INSERT INTO `lessons` VALUES (435, 'Kurum Stajı', 0, 0, 6, 'tr', 4);
INSERT INTO `lessons` VALUES (436, 'Kariyer Planlama*', 0, 1, 2, 'tr', 4);
INSERT INTO `lessons` VALUES (437, 'Power Genenations, Transmission and Distribution', 0, 3, 5, 'en', 5);
INSERT INTO `lessons` VALUES (438, 'Probability and Random Processes', 0, 3, 6, 'en', 5);
INSERT INTO `lessons` VALUES (439, 'Elektronik Devreler I', 0, 3, 5, 'tr', 5);
INSERT INTO `lessons` VALUES (440, 'Sistem Modelleme', 0, 3, 5, 'tr', 5);
INSERT INTO `lessons` VALUES (441, 'Elektronik Devreler Laboratuvarı I', 0, 3, 5, 'tr', 5);
INSERT INTO `lessons` VALUES (442, 'Kurum Stajı', 0, 0, 0, 'tr', 5);
INSERT INTO `lessons` VALUES (443, 'Electrical Machines I', 0, 3, 6, 'en', 6);
INSERT INTO `lessons` VALUES (444, 'Kontrol Sistemleri', 0, 3, 6, 'tr', 6);
INSERT INTO `lessons` VALUES (445, 'Elektronik Devreler Laboratuvarı II', 0, 3, 5, 'en', 6);
INSERT INTO `lessons` VALUES (446, 'Digital Signal Processing*', 0, 3, 6, 'en', 6);
INSERT INTO `lessons` VALUES (447, 'Communication Theory II*', 0, 3, 6, 'en', 6);
INSERT INTO `lessons` VALUES (448, 'Microprocessors I*', 0, 3, 6, 'en', 6);
INSERT INTO `lessons` VALUES (449, 'Power Electronics*', 0, 3, 6, 'en', 6);
INSERT INTO `lessons` VALUES (450, 'Power Systems I*', 0, 3, 6, 'en', 6);
INSERT INTO `lessons` VALUES (451, 'Sensors*', 0, 3, 6, 'en', 6);
INSERT INTO `lessons` VALUES (452, 'İş Hukuku*', 0, 2, 2, 'tr', 6);
INSERT INTO `lessons` VALUES (453, 'İş Sağlığı ve Güvenliği*', 0, 2, 2, 'tr', 6);
INSERT INTO `lessons` VALUES (454, 'Afet Kültürü*', 0, 2, 2, 'tr', 6);
INSERT INTO `lessons` VALUES (455, 'Şehir ve Kültür İstanbul*', 0, 2, 2, 'tr', 6);
INSERT INTO `lessons` VALUES (456, 'Bitirme Projesi I', 0, 2, 6, 'tr', 7);
INSERT INTO `lessons` VALUES (457, 'Sayısal Kontrol Sistemleri*', 0, 3, 6, 'tr', 7);
INSERT INTO `lessons` VALUES (458, 'Mikroişlemciler 2*', 0, 3, 6, 'tr', 7);
INSERT INTO `lessons` VALUES (459, 'Sayısal Elektronik Devreleri*', 0, 3, 6, 'tr', 7);
INSERT INTO `lessons` VALUES (460, 'Electromagnetic Wave Theory*', 0, 3, 6, 'en', 7);
INSERT INTO `lessons` VALUES (461, 'Biyomedikal Mühendisliğinin Temelleri*', 0, 3, 6, 'tr', 7);
INSERT INTO `lessons` VALUES (462, 'High Voltage Techniques I*', 0, 3, 6, 'en', 7);
INSERT INTO `lessons` VALUES (463, 'Electrical Machines II*', 0, 3, 6, 'en', 7);
INSERT INTO `lessons` VALUES (464, 'Power Distribution Systems*', 0, 3, 6, 'en', 7);
INSERT INTO `lessons` VALUES (465, 'Yapay Zekâ Sistemleri*', 0, 3, 6, 'tr', 7);
INSERT INTO `lessons` VALUES (466, 'Elektrik Makineleri Laboratuvarı*', 0, 3, 6, 'tr', 7);
INSERT INTO `lessons` VALUES (467, 'Modern Vehicle Technology*', 0, 3, 6, 'en', 7);
INSERT INTO `lessons` VALUES (468, 'Yüksek Gerilim Yalıtım Malzemeleri*', 0, 3, 6, 'tr', 7);
INSERT INTO `lessons` VALUES (469, 'Analog Tümdevreler*', 0, 3, 6, 'tr', 7);
INSERT INTO `lessons` VALUES (470, 'Enerji İletim Hatlarının Mekaniği*', 0, 3, 6, 'tr', 7);
INSERT INTO `lessons` VALUES (471, 'Signal Processing Applications*', 0, 3, 6, 'en', 7);
INSERT INTO `lessons` VALUES (472, 'Mobile Communication Systems*', 0, 3, 6, 'en', 7);
INSERT INTO `lessons` VALUES (473, 'Bitirme Projesi II', 0, 2, 6, 'tr', 8);
INSERT INTO `lessons` VALUES (474, 'VLSI Tasarım*', 0, 3, 6, 'tr', 8);
INSERT INTO `lessons` VALUES (475, 'İletişim Laboratuvarı*', 0, 3, 6, 'tr', 8);
INSERT INTO `lessons` VALUES (476, 'Aydınlatma ve İç Tesisat*', 0, 3, 6, 'tr', 8);
INSERT INTO `lessons` VALUES (477, 'High Voltage Techniques II*', 0, 3, 6, 'en', 8);
INSERT INTO `lessons` VALUES (478, 'Kontrol ve Otomasyon*', 0, 3, 6, 'tr', 8);
INSERT INTO `lessons` VALUES (479, 'Endüstriyel Elektronik*', 0, 3, 6, 'tr', 8);
INSERT INTO `lessons` VALUES (480, 'Digital Speech Processing*', 0, 3, 6, 'en', 8);
INSERT INTO `lessons` VALUES (481, 'Uygulamalı Girişimcilik*', 0, 3, 5, 'tr', 8);
INSERT INTO `lessons` VALUES (482, 'Yenilenebilir Enerji Sistemleri*', 0, 3, 5, 'tr', 8);
INSERT INTO `lessons` VALUES (483, 'Medikal Elektronik*', 0, 3, 5, 'tr', 8);
INSERT INTO `lessons` VALUES (484, 'Modern Kontrol Teknikleri*', 0, 3, 5, 'tr', 8);
INSERT INTO `lessons` VALUES (485, 'Communication Systems*', 0, 3, 5, 'en', 8);
INSERT INTO `lessons` VALUES (486, 'Power Systems II*', 0, 3, 5, 'en', 8);
INSERT INTO `lessons` VALUES (487, 'Yüksek Gerilim Devre Kesiciler*', 0, 3, 5, 'tr', 8);
INSERT INTO `lessons` VALUES (488, 'Atölye Stajı', 0, 0, 0, 'tr', 1);
INSERT INTO `lessons` VALUES (489, 'Bilgisayar Temelleri ve Programlamaya Giriş', 0, 3, 5, 'tr', 1);
INSERT INTO `lessons` VALUES (490, 'Endüstri Mühendisliğine Giriş', 0, 2, 2, 'tr', 1);
INSERT INTO `lessons` VALUES (491, 'Fizik I', 0, 4, 6, 'tr', 1);
INSERT INTO `lessons` VALUES (492, 'Genel Kimya', 0, 3, 4, 'tr', 1);
INSERT INTO `lessons` VALUES (493, 'Matematik I', 0, 5, 6, 'tr', 1);
INSERT INTO `lessons` VALUES (494, 'Teknik İngilizce I', 0, 2, 2, 'en', 1);
INSERT INTO `lessons` VALUES (495, 'Fizik II', 0, 4, 6, 'tr', 2);
INSERT INTO `lessons` VALUES (496, 'Matematik II', 0, 5, 6, 'tr', 2);
INSERT INTO `lessons` VALUES (497, 'Teknik İngilizce II', 0, 2, 2, 'en', 2);
INSERT INTO `lessons` VALUES (498, 'Teknik Resim', 0, 3, 5, 'tr', 2);
INSERT INTO `lessons` VALUES (499, 'Yapısal Programlama', 0, 3, 6, 'tr', 2);
INSERT INTO `lessons` VALUES (500, 'Bilgisayar Stajı', 0, 0, 0, 'tr', 3);
INSERT INTO `lessons` VALUES (501, 'Ekonomi I', 0, 2, 2, 'tr', 3);
INSERT INTO `lessons` VALUES (502, 'Endüstri Mühendisliği İçin Muhasebe', 0, 3, 5, 'tr', 3);
INSERT INTO `lessons` VALUES (503, 'Multivariant Functions and Applications', 0, 3, 7, 'en', 3);
INSERT INTO `lessons` VALUES (504, 'Mühendislik Mekaniği*', 0, 3, 4, 'tr', 3);
INSERT INTO `lessons` VALUES (505, 'Nesneye Yönelik Programlama', 0, 3, 6, 'tr', 3);
INSERT INTO `lessons` VALUES (506, 'Olasılık Teorisi ve İstatisliğe Giriş', 0, 3, 6, 'tr', 3);
INSERT INTO `lessons` VALUES (507, 'Termodinamik*', 0, 3, 4, 'tr', 3);
INSERT INTO `lessons` VALUES (508, 'Database Systems and Managment', 0, 3, 6, 'en', 4);
INSERT INTO `lessons` VALUES (509, 'Differential Equations', 0, 4, 6, 'en', 4);
INSERT INTO `lessons` VALUES (510, 'Ekonomi II', 0, 2, 2, 'tr', 4);
INSERT INTO `lessons` VALUES (511, 'Introduction to System Analysis', 0, 3, 3, 'tr', 4);
INSERT INTO `lessons` VALUES (512, 'İstatistik', 0, 3, 4, 'tr', 4);
INSERT INTO `lessons` VALUES (513, 'Linear Algebra', 0, 3, 3, 'en', 4);
INSERT INTO `lessons` VALUES (514, 'Maliyet Muhasebesi', 0, 3, 3, 'tr', 4);
INSERT INTO `lessons` VALUES (515, 'Management and Organization', 0, 2, 3, 'en', 4);
INSERT INTO `lessons` VALUES (516, 'Endüstri Mühendisliği Stajı', 0, 0, 0, 'tr', 5);
INSERT INTO `lessons` VALUES (517, 'Facility Design ', 0, 3, 5, 'en', 5);
INSERT INTO `lessons` VALUES (518, 'İşletme Finansı*', 0, 3, 4, 'tr', 5);
INSERT INTO `lessons` VALUES (519, 'Malzeme Bilimi*', 0, 3, 4, 'tr', 5);
INSERT INTO `lessons` VALUES (520, 'Operations Research I', 0, 4, 8, 'en', 5);
INSERT INTO `lessons` VALUES (521, 'Technology and R&D Management*', 0, 3, 4, 'en', 5);
INSERT INTO `lessons` VALUES (522, 'Total Quality Management', 0, 3, 5, 'en', 5);
INSERT INTO `lessons` VALUES (523, 'Work Study and Ergonomics*', 0, 3, 4, 'en', 5);
INSERT INTO `lessons` VALUES (524, 'Endüstriyel Sosyoloji ve Psikoloji*', 0, 3, 4, 'tr', 6);
INSERT INTO `lessons` VALUES (525, 'Engineering Economics*', 0, 3, 4, 'en', 6);
INSERT INTO `lessons` VALUES (526, 'Human Resources Planning*', 0, 3, 4, 'en', 6);
INSERT INTO `lessons` VALUES (527, 'Lojistik Yönetimi', 0, 3, 5, 'tr', 6);
INSERT INTO `lessons` VALUES (528, 'Operations Research II', 0, 4, 8, 'en', 6);
INSERT INTO `lessons` VALUES (529, 'Project Management', 0, 3, 5, 'en', 6);
INSERT INTO `lessons` VALUES (530, 'Zaman Serilerinin Analizi*', 0, 3, 4, 'tr', 6);
INSERT INTO `lessons` VALUES (531, 'Bitirme Projesi I', 0, 2, 4, 'tr', 7);
INSERT INTO `lessons` VALUES (532, 'Elektronik Ticaret ve Pazarlama*', 0, 2, 3, 'tr', 7);
INSERT INTO `lessons` VALUES (533, 'İnovasyon Yönetimi*', 0, 2, 3, 'tr', 7);
INSERT INTO `lessons` VALUES (534, 'Lean Production*', 0, 3, 4, 'en', 7);
INSERT INTO `lessons` VALUES (535, 'Probability Modeling*', 0, 3, 4, 'en', 7);
INSERT INTO `lessons` VALUES (536, 'Production Planning and Control', 0, 3, 5, 'en', 7);
INSERT INTO `lessons` VALUES (537, 'Sezgisel Optimizasyon*', 0, 3, 4, 'tr', 7);
INSERT INTO `lessons` VALUES (538, 'System Simulation', 0, 3, 6, 'en', 7);
INSERT INTO `lessons` VALUES (539, 'Tümevarım Yöntemlerine Giriş*', 0, 3, 4, 'tr', 7);
INSERT INTO `lessons` VALUES (540, 'Veri Madenciliği ve Bilgi Keşfi*', 0, 3, 4, 'tr', 7);
INSERT INTO `lessons` VALUES (541, 'Bitirme Projesi II', 0, 2, 6, 'tr', 8);
INSERT INTO `lessons` VALUES (542, 'Altı Sigma ile Süreç Yönetimi*', 0, 3, 4, 'tr', 8);
INSERT INTO `lessons` VALUES (543, 'Ar-Ge ve İnovasyon Projelerinin Yönetimi*', 0, 3, 5, 'tr', 8);
INSERT INTO `lessons` VALUES (544, 'Deney Tasarımı*', 0, 3, 4, 'tr', 8);
INSERT INTO `lessons` VALUES (545, 'Hizmet Sistemleri Yönetimi*', 0, 3, 4, 'tr', 8);
INSERT INTO `lessons` VALUES (546, 'İstatistiksel Kalite Kontrol', 0, 3, 5, 'tr', 8);
INSERT INTO `lessons` VALUES (547, 'İş Hukuku*', 0, 2, 2, 'tr', 8);
INSERT INTO `lessons` VALUES (548, 'İş Sağlığı ve Güvenliği*', 0, 2, 2, 'tr', 8);
INSERT INTO `lessons` VALUES (549, 'Modern Üretim Sistemleri*', 0, 3, 4, 'tr', 8);
INSERT INTO `lessons` VALUES (550, 'Parametrik Olmayan İstatistik Yöntemler*', 0, 3, 4, 'tr', 8);
INSERT INTO `lessons` VALUES (551, 'Uygulamalı Girişimcilik*', 0, 3, 5, 'tr', 8);
INSERT INTO `lessons` VALUES (552, 'Yapay Zekaya Giriş*', 0, 3, 4, 'tr', 8);
INSERT INTO `lessons` VALUES (553, 'Bilgisayar Temelleri ve Programlamaya Giriş', 0, 3, 5, 'tr', 1);
INSERT INTO `lessons` VALUES (554, 'Fizik I', 0, 4, 6, 'tr', 1);
INSERT INTO `lessons` VALUES (555, 'Genel Kimya', 0, 3, 4, 'tr', 1);
INSERT INTO `lessons` VALUES (556, 'İnşaat Mühendisliğine Giriş', 0, 3, 4, 'tr', 1);
INSERT INTO `lessons` VALUES (557, 'Matematik I', 0, 5, 6, 'tr', 1);
INSERT INTO `lessons` VALUES (558, 'Bilgisayar Destekli Teknik Resim', 0, 4, 6, 'tr', 2);
INSERT INTO `lessons` VALUES (559, 'Fizik II', 0, 4, 6, 'tr', 2);
INSERT INTO `lessons` VALUES (560, 'Matematik II', 0, 5, 6, 'tr', 2);
INSERT INTO `lessons` VALUES (561, 'Statics', 0, 4, 7, 'en', 2);
INSERT INTO `lessons` VALUES (562, 'İnşaat Mühendisliğinde Dinamik', 0, 2, 5, 'tr', 3);
INSERT INTO `lessons` VALUES (563, 'İnşaat Mühendisliğinde İstatistik', 0, 2, 5, 'tr', 3);
INSERT INTO `lessons` VALUES (564, 'Lineer Cebir', 0, 2, 4, 'tr', 3);
INSERT INTO `lessons` VALUES (565, 'Malzeme Bilimi', 0, 3, 5, 'tr', 3);
INSERT INTO `lessons` VALUES (566, 'Mukavemet I', 0, 5, 6, 'tr', 3);
INSERT INTO `lessons` VALUES (567, 'Professional Practice and Ethics in Engineering*', 0, 3, 5, 'en', 3);
INSERT INTO `lessons` VALUES (568, 'Technical Writing in English*', 0, 3, 5, 'en', 3);
INSERT INTO `lessons` VALUES (569, 'Algoritma ve Programlama*', 0, 3, 4, 'tr', 4);
INSERT INTO `lessons` VALUES (570, 'Diferansiyel Denklemler', 0, 4, 6, 'tr', 4);
INSERT INTO `lessons` VALUES (571, 'Fluid Mechanics', 0, 3, 5, 'en', 4);
INSERT INTO `lessons` VALUES (572, 'Mukavemet II*', 0, 3, 4, 'tr', 4);
INSERT INTO `lessons` VALUES (573, 'Mühendislik Jeolojisi*', 0, 3, 4, 'tr', 4);
INSERT INTO `lessons` VALUES (574, 'Nümerik Yöntemler', 0, 3, 4, 'tr', 4);
INSERT INTO `lessons` VALUES (575, 'Soil Mechanics I', 0, 3, 5, 'en', 4);
INSERT INTO `lessons` VALUES (576, 'Staj', 0, 0, 0, 'tr', 4);
INSERT INTO `lessons` VALUES (577, 'Topoğrafya', 0, 3, 5, 'tr', 4);
INSERT INTO `lessons` VALUES (578, 'Yapı Malzemesi', 0, 3, 5, 'tr', 4);
INSERT INTO `lessons` VALUES (579, 'Concrete Mix Design*', 0, 3, 4, 'en', 5);
INSERT INTO `lessons` VALUES (580, 'Experimental Soil Mechanics*', 0, 3, 4, 'en', 5);
INSERT INTO `lessons` VALUES (581, 'Hydraulics', 0, 3, 5, 'en', 5);
INSERT INTO `lessons` VALUES (582, 'İnşaat Mühendisliğinde Toplam Kalite Yönetimi*', 0, 3, 4, 'tr', 5);
INSERT INTO `lessons` VALUES (583, 'Modelling and Simulation of Mechanical Systems*', 0, 3, 4, 'en', 5);
INSERT INTO `lessons` VALUES (584, 'Proje Yönetimi*', 0, 3, 4, 'tr', 5);
INSERT INTO `lessons` VALUES (585, 'Structural Analysis I', 0, 5, 7, 'en', 5);
INSERT INTO `lessons` VALUES (586, 'Taşkın Yönetimi*', 0, 3, 4, 'tr', 5);
INSERT INTO `lessons` VALUES (587, 'Transportation Systems and Railway Engineering', 0, 3, 5, 'en', 5);
INSERT INTO `lessons` VALUES (588, 'Yapı Elemanları ve Yapım Teknolojileri*', 0, 3, 4, 'tr', 5);
INSERT INTO `lessons` VALUES (589, 'Yapı Malzemelerinde Durabilite Etkisi*', 0, 3, 4, 'tr', 5);
INSERT INTO `lessons` VALUES (590, 'Zemin Mekaniği II', 0, 3, 5, 'tr', 5);
INSERT INTO `lessons` VALUES (591, 'Advanced Soil Mechanics*', 0, 3, 4, 'en', 6);
INSERT INTO `lessons` VALUES (592, 'Betonarme I', 0, 3, 6, 'tr', 6);
INSERT INTO `lessons` VALUES (593, 'Çelik Yapılar', 0, 3, 6, 'tr', 6);
INSERT INTO `lessons` VALUES (594, 'Foundation Engineering I', 0, 3, 5, 'en', 6);
INSERT INTO `lessons` VALUES (595, 'Hidrolikte Ölçüm Teknikleri*', 0, 3, 4, 'tr', 6);
INSERT INTO `lessons` VALUES (596, 'Hydrology*', 0, 3, 4, 'en', 6);
INSERT INTO `lessons` VALUES (597, 'Introduction to Traffic Theory and Roadway Engineering', 0, 3, 5, 'en', 6);
INSERT INTO `lessons` VALUES (598, 'İstatiksel Süreç Kontrol*', 0, 3, 4, 'tr', 6);
INSERT INTO `lessons` VALUES (599, 'Mühendislik Ekonomisi*', 0, 3, 4, 'tr', 6);
INSERT INTO `lessons` VALUES (600, 'Structural Analysis II*', 0, 3, 4, 'en', 6);
INSERT INTO `lessons` VALUES (601, 'Structural Mechanics*', 0, 3, 4, 'en', 6);
INSERT INTO `lessons` VALUES (602, 'Yapı Maliyet Analizi*', 0, 3, 4, 'tr', 6);
INSERT INTO `lessons` VALUES (603, 'Yapı Taşıyıcı Sistemleri*', 0, 3, 4, 'tr', 6);
INSERT INTO `lessons` VALUES (604, 'Ahşap Yapılar*', 0, 3, 4, 'tr', 7);
INSERT INTO `lessons` VALUES (605, 'Betonarmede Kırılma Mekaniği*', 0, 3, 4, 'tr', 7);
INSERT INTO `lessons` VALUES (606, 'Bilgisayar Destekli Betonarme Proje*', 0, 3, 4, 'tr', 7);
INSERT INTO `lessons` VALUES (607, 'Bitirme Projesi I', 0, 2, 6, 'tr', 7);
INSERT INTO `lessons` VALUES (608, 'Computer Programming*', 0, 3, 6, 'en', 7);
INSERT INTO `lessons` VALUES (609, 'Çok Katlı Yapılara Giriş*', 0, 3, 4, 'tr', 7);
INSERT INTO `lessons` VALUES (610, 'Foundation Engineering II*', 0, 3, 6, 'en', 7);
INSERT INTO `lessons` VALUES (611, 'Impact and Blast Effects on Structures*', 0, 3, 6, 'en', 7);
INSERT INTO `lessons` VALUES (612, 'İnşaat Mühendisliğinde Optimizasyon Uygulamaları*', 0, 3, 4, 'tr', 7);
INSERT INTO `lessons` VALUES (613, 'İnşaat Yönetimi', 0, 3, 4, 'tr', 7);
INSERT INTO `lessons` VALUES (614, 'Matrix Methods in Structural Analysis*', 0, 3, 6, 'en', 7);
INSERT INTO `lessons` VALUES (615, 'Prefabrication in Civil Engineering*', 0, 3, 6, 'en', 7);
INSERT INTO `lessons` VALUES (616, 'Reinforced Concrete Design*', 0, 3, 6, 'en', 7);
INSERT INTO `lessons` VALUES (617, 'Steel Structures II*', 0, 3, 6, 'en', 7);
INSERT INTO `lessons` VALUES (618, 'Structural Dynamics*', 0, 3, 6, 'en', 7);
INSERT INTO `lessons` VALUES (619, 'Su Temini ve Çevre Sağlığı', 0, 3, 4, 'tr', 7);
INSERT INTO `lessons` VALUES (620, 'Şantiye Yönetimi*', 0, 3, 4, 'tr', 7);
INSERT INTO `lessons` VALUES (621, 'Watershed Modeling System*', 0, 3, 6, 'en', 7);
INSERT INTO `lessons` VALUES (622, 'Yapıların Performans Esaslı Tasarımı ve Değerlendirilmesi*', 0, 3, 4, 'tr', 7);
INSERT INTO `lessons` VALUES (623, 'Bitirme Projesi II', 0, 2, 8, 'tr', 7);
INSERT INTO `lessons` VALUES (624, 'Bitirme Projesi I', 0, 2, 6, 'tr', 8);
INSERT INTO `lessons` VALUES (625, 'Baraj Tasarımı*', 0, 3, 4, 'tr', 8);
INSERT INTO `lessons` VALUES (626, 'Betonarme Yapıların Analiz ve Tasarımı*', 0, 3, 4, 'tr', 8);
INSERT INTO `lessons` VALUES (627, 'Bitirme Projesi II', 0, 2, 8, 'tr', 8);
INSERT INTO `lessons` VALUES (628, 'Computational Methods in Structural System Analysis*', 0, 3, 6, 'en', 8);
INSERT INTO `lessons` VALUES (629, 'Computer Aided Project Management Applications*', 0, 3, 6, 'en', 8);
INSERT INTO `lessons` VALUES (630, 'Computer Programming II*', 0, 3, 6, 'en', 8);
INSERT INTO `lessons` VALUES (631, 'Çelik Yapı Tasarımı*', 0, 3, 4, 'tr', 8);
INSERT INTO `lessons` VALUES (632, 'Geoteknik Mühendisliğinde Tasarım*', 0, 3, 4, 'tr', 8);
INSERT INTO `lessons` VALUES (633, 'Introduction to Earthquake Engineering*', 0, 3, 6, 'en', 8);
INSERT INTO `lessons` VALUES (634, 'Introduction to Structural Control Systems*', 0, 3, 6, 'en', 8);
INSERT INTO `lessons` VALUES (635, 'İnşaat Mühendisliği\'nde İş Hukuku Kavramları ve Uygulamaları* ', 0, 3, 4, 'tr', 8);
INSERT INTO `lessons` VALUES (636, 'İnşaatta Paydaş Yönetimi*', 0, 3, 4, 'tr', 8);
INSERT INTO `lessons` VALUES (637, 'İş Sağlığı ve Güvenliği*', 0, 2, 2, 'tr', 8);
INSERT INTO `lessons` VALUES (638, 'Öngermeli Beton Köprülerin Tasarımı*', 0, 3, 4, 'tr', 8);
INSERT INTO `lessons` VALUES (639, 'Slope Stability Analysis and Stabilization*', 0, 3, 6, 'en', 8);
INSERT INTO `lessons` VALUES (640, 'Su Kaynakları Mühendisliği*', 0, 3, 4, 'tr', 8);
INSERT INTO `lessons` VALUES (641, 'Sürdürülebilir Havza Yönetimi*', 0, 3, 4, 'tr', 8);
INSERT INTO `lessons` VALUES (642, 'Uygulamalı Girişimcilik*', 0, 3, 4, 'tr', 8);
INSERT INTO `lessons` VALUES (643, 'Yapı Statiğinde İleri Yöntemler*', 0, 3, 4, 'tr', 8);
INSERT INTO `lessons` VALUES (644, 'Fizik 1', 0, 4, 6, 'tr', 1);
INSERT INTO `lessons` VALUES (645, 'General Chemistry', 0, 3, 4, 'en', 1);
INSERT INTO `lessons` VALUES (646, 'Jeofizik Mühendisliğine Giriş', 0, 3, 5, 'tr', 1);
INSERT INTO `lessons` VALUES (647, 'Mathematics I', 0, 5, 6, 'en', 1);
INSERT INTO `lessons` VALUES (648, 'Technical English I', 0, 2, 4, 'en', 1);
INSERT INTO `lessons` VALUES (649, 'Bilgisayar Temelleri ve Programlamaya Giriş', 0, 3, 4, 'tr', 2);
INSERT INTO `lessons` VALUES (650, 'Fizik II', 0, 4, 6, 'tr', 2);
INSERT INTO `lessons` VALUES (651, 'General Geology ', 0, 4, 5, 'en', 2);
INSERT INTO `lessons` VALUES (652, 'Mathematics II', 0, 5, 6, 'en', 2);
INSERT INTO `lessons` VALUES (653, 'Technical English II', 0, 2, 4, 'en', 2);
INSERT INTO `lessons` VALUES (654, 'Design in Earthscience', 0, 2, 4, 'en', 3);
INSERT INTO `lessons` VALUES (655, 'Engineering Mathematics', 0, 3, 5, 'en', 3);
INSERT INTO `lessons` VALUES (656, 'Jeofizikte Potansiyel Teori ', 0, 2.5, 4, 'tr', 3);
INSERT INTO `lessons` VALUES (658, 'Statistics and Probability', 0, 2.5, 4, 'en', 3);
INSERT INTO `lessons` VALUES (657, 'Jeofizikte Veri İşlem', 0, 2.5, 4, 'tr', 3);
INSERT INTO `lessons` VALUES (659, 'Mineroloji ve Petrografi', 0, 2.5, 4, 'tr', 3);
INSERT INTO `lessons` VALUES (660, 'Yerbilimlerinde Matlab*', 0, 3, 5, 'tr', 3);
INSERT INTO `lessons` VALUES (661, 'Yerbilimlerinde Fortran Uygulamaları*', 0, 3, 5, 'tr', 3);
INSERT INTO `lessons` VALUES (662, 'Differential Equations', 0, 3, 5, 'en', 4);
INSERT INTO `lessons` VALUES (663, 'Elastik Dalga Yayınımı', 0, 2.5, 4, 'tr', 4);
INSERT INTO `lessons` VALUES (664, 'Jeofizikte Elektromanyetik Alan', 0, 2.5, 4, 'tr', 4);
INSERT INTO `lessons` VALUES (665, 'Yapısal Jeoloji', 0, 2.5, 4, 'tr', 4);
INSERT INTO `lessons` VALUES (666, 'Bilimsel Yazım Kuralları ve Etik', 0, 2, 3, 'tr', 4);
INSERT INTO `lessons` VALUES (667, 'Ölçme Bilgisi', 0, 2, 4, 'tr', 4);
INSERT INTO `lessons` VALUES (668, 'Bilim Felsefesi ve Tarihi*', 0, 2, 2, 'tr', 4);
INSERT INTO `lessons` VALUES (669, 'Jeofizik ve Tarihsel Gelişimi*', 0, 2, 4, 'tr', 4);
INSERT INTO `lessons` VALUES (670, 'Afet Yönetimi*', 0, 2, 2, 'tr', 4);
INSERT INTO `lessons` VALUES (671, 'Yermanyetizması*', 0, 2.5, 4, 'tr', 4);
INSERT INTO `lessons` VALUES (672, 'Jeodinamik*', 0, 2.5, 4, 'tr', 4);
INSERT INTO `lessons` VALUES (673, 'Paleoiklim ve Atmosfer Fiziği*', 0, 2.5, 4, 'tr', 4);
INSERT INTO `lessons` VALUES (674, 'Kariyer Planlama*', 0, 1, 2, 'tr', 4);
INSERT INTO `lessons` VALUES (675, 'Gravite Prospeksiyon', 0, 4, 6, 'tr', 5);
INSERT INTO `lessons` VALUES (676, 'Elektrik Prospeksiyon', 0, 4, 6, 'tr', 5);
INSERT INTO `lessons` VALUES (677, 'Engineering Geology', 0, 2.5, 5, 'en', 5);
INSERT INTO `lessons` VALUES (678, 'Sismoloji*', 0, 3, 5, 'tr', 5);
INSERT INTO `lessons` VALUES (679, 'Radioaktif Yöntemler*', 0, 2.5, 4, 'tr', 5);
INSERT INTO `lessons` VALUES (680, 'Paleomanyetizma*', 0, 2.5, 4, 'tr', 5);
INSERT INTO `lessons` VALUES (681, 'Gravimetri*', 0, 2.5, 4, 'tr', 5);
INSERT INTO `lessons` VALUES (682, 'Türkiye Jeolojisi*', 0, 2.5, 4, 'tr', 5);
INSERT INTO `lessons` VALUES (683, 'Stratigrafi İlkeleri*', 0, 2.5, 4, 'tr', 5);
INSERT INTO `lessons` VALUES (684, 'Sondaj Tekniği*', 0, 2.5, 4, 'tr', 5);
INSERT INTO `lessons` VALUES (685, 'Jeotermik*', 0, 2.5, 4, 'tr', 5);
INSERT INTO `lessons` VALUES (686, 'Manyetik Prospeksiyon', 0, 4, 6, 'tr', 6);
INSERT INTO `lessons` VALUES (687, 'Sismik Prospeksiyon*', 0, 4, 6, 'tr', 6);
INSERT INTO `lessons` VALUES (688, 'Elektromanyetik Prospeksiyon*', 0, 4, 6, 'tr', 6);
INSERT INTO `lessons` VALUES (689, 'Zemin Mekaniği', 0, 2.5, 3, 'tr', 6);
INSERT INTO `lessons` VALUES (690, 'Applied Seismology*', 0, 2.5, 3, 'en', 6);
INSERT INTO `lessons` VALUES (691, 'Kamp Stajı*', 0, 0, 0, 'tr', 6);
INSERT INTO `lessons` VALUES (692, 'Kurum Stajı*', 0, 0, 0, 'tr', 6);
INSERT INTO `lessons` VALUES (693, 'İş Hukuku*', 0, 2, 2, 'tr', 6);
INSERT INTO `lessons` VALUES (694, 'İş Sağlığı ve Güvenliği*', 0, 2, 2, 'tr', 6);
INSERT INTO `lessons` VALUES (695, 'Mühendislik Ekonomisi*', 0, 2, 2, 'tr', 6);
INSERT INTO `lessons` VALUES (696, 'Sayısal Analiz*', 0, 3, 4, 'tr', 6);
INSERT INTO `lessons` VALUES (697, 'Çevre Manyetizması*', 0, 3, 4, 'tr', 6);
INSERT INTO `lessons` VALUES (698, 'Well Logging', 0, 2.5, 4, 'en', 7);
INSERT INTO `lessons` VALUES (699, 'Jeofizik Semineri', 0, 1.5, 3, 'tr', 7);
INSERT INTO `lessons` VALUES (700, 'Bitirme Projesi I*', 0, 2, 7, 'tr', 7);
INSERT INTO `lessons` VALUES (701, 'Bitirme Projesi II*', 0, 2, 7, 'tr', 7);
INSERT INTO `lessons` VALUES (702, 'Uzaktan Algılama ve CBS*', 0, 2.5, 4, 'tr', 7);
INSERT INTO `lessons` VALUES (703, 'Sismotektonik*', 0, 2.5, 4, 'tr', 7);
INSERT INTO `lessons` VALUES (704, 'Maden Jeolojisi ve Jeofiziği*', 0, 2.5, 4, 'tr', 7);
INSERT INTO `lessons` VALUES (705, 'Yeraltı Suyu Arama Jeofiziği*', 0, 2.5, 4, 'tr', 7);
INSERT INTO `lessons` VALUES (706, 'Deniz Jeofiziği* ', 0, 2.5, 4, 'tr', 7);
INSERT INTO `lessons` VALUES (707, 'Sismik Veri İşlem*', 0, 2.5, 4, 'tr', 7);
INSERT INTO `lessons` VALUES (708, 'Jeotermal Arama Jeofiziği*', 0, 2.5, 4, 'tr', 7);
INSERT INTO `lessons` VALUES (709, 'Academic Reading*', 0, 2.5, 4, 'en', 7);
INSERT INTO `lessons` VALUES (710, 'Microzonation*', 0, 2.5, 4, 'en', 7);
INSERT INTO `lessons` VALUES (711, 'Bitirme Projesi I*', 0, 2, 7, 'tr', 8);
INSERT INTO `lessons` VALUES (712, 'Bitirme Projesi II*', 0, 2, 7, 'tr', 8);
INSERT INTO `lessons` VALUES (713, 'Yerfiziği', 0, 2, 4, 'tr', 8);
INSERT INTO `lessons` VALUES (714, 'Hidrografi ve Oşinografi*', 0, 2.5, 5, 'tr', 8);
INSERT INTO `lessons` VALUES (715, 'Sismik Stratigrafi*', 0, 2.5, 5, 'tr', 8);
INSERT INTO `lessons` VALUES (716, 'Hidrakarbon Arama Jeof.*', 0, 2.5, 5, 'tr', 8);
INSERT INTO `lessons` VALUES (717, 'Yapılarda Jeofizik Uygulamalar*', 0, 2.5, 5, 'tr', 8);
INSERT INTO `lessons` VALUES (718, 'Mühendislik Sismolojisi*', 0, 3, 6, 'tr', 8);
INSERT INTO `lessons` VALUES (719, 'Çevre ve Mühendislik Jeofiziği*', 0, 3, 6, 'tr', 8);
INSERT INTO `lessons` VALUES (720, 'Uygulamalı Girişimcilik*', 0, 3, 6, 'tr', 8);
INSERT INTO `lessons` VALUES (721, 'Academic Writing*', 0, 2.5, 4, 'en', 8);
INSERT INTO `lessons` VALUES (722, 'Georadar*', 0, 2.5, 4, 'en', 8);
INSERT INTO `lessons` VALUES (723, 'Geophysical Imaging in Archeology* ', 0, 2.5, 4, 'en', 8);
INSERT INTO `lessons` VALUES (724, 'Fizik I', 0, 4, 6, 'tr', 1);
INSERT INTO `lessons` VALUES (725, 'General Chemistry', 0, 3, 4, 'en', 1);
INSERT INTO `lessons` VALUES (726, 'Jeolojiye Giriş', 0, 4, 6, 'tr', 1);
INSERT INTO `lessons` VALUES (727, 'Mathematics I', 0, 5, 6, 'en', 1);
INSERT INTO `lessons` VALUES (728, 'Technical English I', 0, 2, 3, 'en', 1);
INSERT INTO `lessons` VALUES (729, 'Fizik II', 0, 4, 6, 'tr', 2);
INSERT INTO `lessons` VALUES (730, 'Genel Kimya Laboratuvarı', 0, 1, 4, 'tr', 2);
INSERT INTO `lessons` VALUES (731, 'Kristalografi', 0, 3, 6, 'tr', 2);
INSERT INTO `lessons` VALUES (732, 'Mathematics II', 0, 5, 6, 'en', 2);
INSERT INTO `lessons` VALUES (733, 'Technical English II', 0, 2, 3, 'en', 2);
INSERT INTO `lessons` VALUES (734, 'Bilim Felsefesi ve Tarihi*', 0, 2, 5, 'tr', 3);
INSERT INTO `lessons` VALUES (735, 'Deneysel Tasarım*', 0, 2, 2, 'tr', 3);
INSERT INTO `lessons` VALUES (736, 'İşletme Yönetimi*', 0, 2, 2, 'tr', 3);
INSERT INTO `lessons` VALUES (737, 'Jeoloji Mühendisliğinde Malzeme Bilgisi', 0, 2, 2, 'tr', 3);
INSERT INTO `lessons` VALUES (738, 'Mesleki Etik*', 0, 2, 2, 'tr', 3);
INSERT INTO `lessons` VALUES (739, 'Mineralogy', 0, 3, 5, 'en', 3);
INSERT INTO `lessons` VALUES (740, 'Paleontoloji', 0, 3, 5, 'tr', 3);
INSERT INTO `lessons` VALUES (741, 'Petrography of Igneous Rocks', 0, 3, 6, 'en', 3);
INSERT INTO `lessons` VALUES (742, 'Sedimenter Kayalar Petrografisi', 0, 2, 4, 'tr', 3);
INSERT INTO `lessons` VALUES (743, 'Stratigrafi', 0, 2, 4, 'tr', 3);
INSERT INTO `lessons` VALUES (744, 'İş Hukuku*', 0, 2, 2, 'tr', 4);
INSERT INTO `lessons` VALUES (745, 'İş Sağlığı ve Güvenliği*', 0, 2, 2, 'tr', 4);
INSERT INTO `lessons` VALUES (746, 'İşaret Dili*', 0, 2, 2, 'tr', 4);
INSERT INTO `lessons` VALUES (747, 'Kurum Stajı', 0, 0, 0, 'tr', 4);
INSERT INTO `lessons` VALUES (748, 'Mühendislik Ekonomisi*', 0, 2, 2, 'tr', 4);
INSERT INTO `lessons` VALUES (749, 'Petrology of Metamorphic Rocks', 0, 3, 6, 'en', 4);
INSERT INTO `lessons` VALUES (750, 'Plate Tectonics', 0, 2, 4, 'en', 4);
INSERT INTO `lessons` VALUES (751, 'Sedimentoloji', 0, 2, 3, 'tr', 4);
INSERT INTO `lessons` VALUES (752, 'Structural Geology', 0, 4, 8, 'en', 4);
INSERT INTO `lessons` VALUES (753, 'Tarihsel Jeoloji', 0, 2, 3, 'tr', 4);
INSERT INTO `lessons` VALUES (754, 'Biyostatigrafi*', 0, 2, 3, 'tr', 5);
INSERT INTO `lessons` VALUES (755, 'Computer Operating Systems*', 0, 2, 3, 'en', 5);
INSERT INTO `lessons` VALUES (756, 'Earthquake Geology*', 0, 2, 3, 'en', 5);
INSERT INTO `lessons` VALUES (757, 'Hidrojeoloji', 0, 3, 4, 'tr', 5);
INSERT INTO `lessons` VALUES (758, 'Hidroloji*', 0, 2, 3, 'tr', 5);
INSERT INTO `lessons` VALUES (759, 'Jeokimya', 0, 3, 5, 'tr', 5);
INSERT INTO `lessons` VALUES (760, 'Jeoloji Mühendisliğinde Statik*', 0, 2, 3, 'tr', 5);
INSERT INTO `lessons` VALUES (761, 'Jeolojik Tasarım', 0, 2, 3, 'tr', 5);
INSERT INTO `lessons` VALUES (762, 'Jeomorfoloji*', 0, 2, 3, 'tr', 5);
INSERT INTO `lessons` VALUES (763, 'Optik Mineraloji*', 0, 2, 3, 'tr', 5);
INSERT INTO `lessons` VALUES (764, 'Principle of Geophysics', 0, 2, 4, 'en', 5);
INSERT INTO `lessons` VALUES (765, 'Sondaj Bilgisi', 0, 2, 3, 'tr', 5);
INSERT INTO `lessons` VALUES (766, 'Zemin Mekaniği', 0, 3, 5, 'tr', 5);
INSERT INTO `lessons` VALUES (767, 'Data Collection and Evolution in Geotechnics*', 0, 2, 4, 'en', 6);
INSERT INTO `lessons` VALUES (768, 'Fotojeoloji*', 0, 2, 4, 'tr', 6);
INSERT INTO `lessons` VALUES (769, 'Gemology*', 0, 2, 4, 'en', 6);
INSERT INTO `lessons` VALUES (770, 'Geology of Turkey', 0, 3, 4, 'en', 6);
INSERT INTO `lessons` VALUES (771, 'Jeoistatistik*', 0, 2, 4, 'tr', 6);
INSERT INTO `lessons` VALUES (772, 'Jeoloji Mühendisliğinde Mukavemet*', 0, 2, 4, 'tr', 6);
INSERT INTO `lessons` VALUES (773, 'Jeolojik Harita Kampı', 0, 0, 0, 'tr', 6);
INSERT INTO `lessons` VALUES (774, 'Maden Yatakları', 0, 3, 5, 'tr', 6);
INSERT INTO `lessons` VALUES (775, 'Mühendislik Jeolojisi', 0, 3, 4, 'tr', 6);
INSERT INTO `lessons` VALUES (776, 'Ölçme Bilgisi ve Topografya*', 0, 2, 4, 'tr', 6);
INSERT INTO `lessons` VALUES (777, 'Saha Jeolojisi', 0, 3, 6, 'tr', 6);
INSERT INTO `lessons` VALUES (778, 'Teknik Çizim ve Modelleme*', 0, 2, 4, 'tr', 6);
INSERT INTO `lessons` VALUES (779, 'Yeraltı Jeolojisi*', 0, 2, 4, 'tr', 6);
INSERT INTO `lessons` VALUES (780, 'Baraj Jeolojisi*', 0, 3, 5, 'tr', 7);
INSERT INTO `lessons` VALUES (781, 'Bitirme Projesi I', 0, 2, 4, 'tr', 7);
INSERT INTO `lessons` VALUES (782, 'Çevre Jeolojisi', 0, 2, 3, 'tr', 7);
INSERT INTO `lessons` VALUES (783, 'Fosil Yakıtlar Jeolojisi', 0, 2, 3, 'tr', 7);
INSERT INTO `lessons` VALUES (784, 'Heyelan Jeolojisi*', 0, 3, 5, 'tr', 7);
INSERT INTO `lessons` VALUES (785, 'Hidrojeokimya*', 0, 3, 5, 'tr', 7);
INSERT INTO `lessons` VALUES (786, 'Igneous Petrology*', 0, 3, 5, 'en', 7);
INSERT INTO `lessons` VALUES (787, 'Jeolojik Haritaların Yorumlanması*', 0, 3, 5, 'tr', 7);
INSERT INTO `lessons` VALUES (788, 'Madencilik Bilgisi*', 0, 3, 5, 'tr', 7);
INSERT INTO `lessons` VALUES (789, 'Microtectonics*', 0, 3, 5, 'en', 7);
INSERT INTO `lessons` VALUES (790, 'Mikropaleontoloji*', 0, 3, 5, 'tr', 7);
INSERT INTO `lessons` VALUES (791, 'Türkiye Metalik Madenleri*', 0, 3, 5, 'tr', 7);
INSERT INTO `lessons` VALUES (792, 'Bitirme Projesi II', 0, 2, 5, 'tr', 8);
INSERT INTO `lessons` VALUES (793, 'Ekonomik Doğal Taşlar*', 0, 3, 5, 'tr', 8);
INSERT INTO `lessons` VALUES (794, 'Jeotermal Sistemler*', 0, 3, 5, 'tr', 8);
INSERT INTO `lessons` VALUES (795, 'Kent Jeolojisi*', 0, 3, 5, 'tr', 8);
INSERT INTO `lessons` VALUES (796, 'Kömür Jeolojisi*', 0, 3, 5, 'tr', 8);
INSERT INTO `lessons` VALUES (797, 'Structural Petrology*', 0, 3, 5, 'tr', 8);
INSERT INTO `lessons` VALUES (798, 'Tıbbi Jeoloji*', 0, 3, 5, 'tr', 8);
INSERT INTO `lessons` VALUES (799, 'Tünel Jeolojisi*', 0, 3, 5, 'tr', 8);
INSERT INTO `lessons` VALUES (800, 'Uygulamalı Girişimcilik*', 0, 3, 5, 'tr', 8);
INSERT INTO `lessons` VALUES (801, 'Volcanology*', 0, 3, 5, 'en', 8);
INSERT INTO `lessons` VALUES (802, 'Fizik I', 0, 4, 6, 'tr', 1);
INSERT INTO `lessons` VALUES (803, 'Genel Kimya I', 0, 4, 6, 'tr', 1);
INSERT INTO `lessons` VALUES (804, 'Genel Kimya Lab. I', 0, 2, 3, 'tr', 1);
INSERT INTO `lessons` VALUES (904, 'Genel ve Anorganik Kimya', 0, 3, 4, 'tr', 1);
INSERT INTO `lessons` VALUES (805, 'Mathematics I', 0, 4, 5, 'en', 1);
INSERT INTO `lessons` VALUES (806, 'Technical English I', 0, 3, 5, 'en', 1);
INSERT INTO `lessons` VALUES (807, 'Fizik II', 0, 4, 6, 'tr', 2);
INSERT INTO `lessons` VALUES (808, 'Genel Kimya Lab. II', 0, 2, 3, 'tr', 2);
INSERT INTO `lessons` VALUES (809, 'General Chemistry II', 0, 4, 6, 'en', 2);
INSERT INTO `lessons` VALUES (810, 'Mathematics II', 0, 4, 5, 'en', 2);
INSERT INTO `lessons` VALUES (811, 'Technical English II', 0, 3, 5, 'en', 2);
INSERT INTO `lessons` VALUES (812, 'Analitik Kimya Lab. I', 0, 3, 4, 'tr', 3);
INSERT INTO `lessons` VALUES (813, 'Analytical Chemistry I', 0, 3, 5, 'en', 3);
INSERT INTO `lessons` VALUES (814, 'Anorganik Kimya I', 0, 3, 4, 'tr', 3);
INSERT INTO `lessons` VALUES (815, 'Bilgisayar Temelleri ve Programlama*', 0, 3, 4, 'tr', 3);
INSERT INTO `lessons` VALUES (816, 'Çekirdek Kimyası*', 0, 3, 4, 'tr', 3);
INSERT INTO `lessons` VALUES (817, 'Fiziksel Kimya Laboratuarı I', 0, 2, 3, 'tr', 3);
INSERT INTO `lessons` VALUES (818, 'Kimyacılar İçin Matematik*', 0, 3, 4, 'tr', 3);
INSERT INTO `lessons` VALUES (819, 'Kuramsal Kimya*', 0, 3, 4, 'tr', 3);
INSERT INTO `lessons` VALUES (820, 'Mineroloji*', 0, 3, 4, 'tr', 3);
INSERT INTO `lessons` VALUES (821, 'Physical Chemistry I', 0, 4, 6, 'en', 3);
INSERT INTO `lessons` VALUES (822, 'Analitik Kimya Laboratuarı II', 0, 3, 4, 'tr', 4);
INSERT INTO `lessons` VALUES (823, 'Analytical Chemistry II', 0, 3, 5, 'en', 4);
INSERT INTO `lessons` VALUES (824, 'Bilgi Toplama ve Değerlendirme*', 0, 2, 2, 'tr', 4);
INSERT INTO `lessons` VALUES (825, 'Doğal Nanokompozitler*', 0, 3, 4, 'tr', 4);
INSERT INTO `lessons` VALUES (826, 'Ekonomi*', 0, 2, 2, 'tr', 4);
INSERT INTO `lessons` VALUES (827, 'Fiziksel Kimya Laboratuarı II', 0, 2, 3, 'tr', 4);
INSERT INTO `lessons` VALUES (828, 'Günlük Hayatta Kimya*', 0, 3, 4, 'tr', 4);
INSERT INTO `lessons` VALUES (829, 'İş Hukuku*', 0, 2, 2, 'tr', 4);
INSERT INTO `lessons` VALUES (830, 'İş Sağlığı ve Güvenliği*', 0, 2, 2, 'tr', 4);
INSERT INTO `lessons` VALUES (831, 'İşaret Dili*', 0, 2, 2, 'tr', 4);
INSERT INTO `lessons` VALUES (832, 'Kimya Tarihi*', 0, 2, 2, 'tr', 4);
INSERT INTO `lessons` VALUES (833, 'Kimyacılar İçin Teknik Resim*', 0, 3, 4, 'tr', 4);
INSERT INTO `lessons` VALUES (834, 'Kimyada Bilgisayar Uygulamaları*', 0, 3, 4, 'tr', 4);
INSERT INTO `lessons` VALUES (835, 'Organik Lab. Tekniği*', 0, 3, 4, 'tr', 4);
INSERT INTO `lessons` VALUES (836, 'Physical Chemistry II', 0, 4, 6, 'en', 4);
INSERT INTO `lessons` VALUES (837, 'Yenilenebilir Enerji Kimyası*', 0, 3, 4, 'tr', 4);
INSERT INTO `lessons` VALUES (838, 'Analitik Kimyada Dengeler*', 0, 3, 4, 'tr', 5);
INSERT INTO `lessons` VALUES (839, 'Anorganik Kimya Lab.', 0, 2, 3, 'tr', 5);
INSERT INTO `lessons` VALUES (840, 'Biyokimyada Temel Teknikler*', 0, 3, 4, 'tr', 5);
INSERT INTO `lessons` VALUES (841, 'Çevre Kimyası*', 0, 3, 4, 'tr', 5);
INSERT INTO `lessons` VALUES (842, 'Çözücüler*', 0, 3, 4, 'tr', 5);
INSERT INTO `lessons` VALUES (843, 'Elektrokimya I*', 0, 3, 4, 'tr', 5);
INSERT INTO `lessons` VALUES (844, 'Endüstriyel Mikrobiyoloji*', 0, 3, 4, 'tr', 5);
INSERT INTO `lessons` VALUES (845, 'Enstrümental Analiz', 0, 3, 5, 'tr', 5);
INSERT INTO `lessons` VALUES (846, 'Enstrümental Analiz Lab.', 0, 3, 4, 'tr', 5);
INSERT INTO `lessons` VALUES (847, 'Fiziksel Kimya III*', 0, 3, 4, 'tr', 5);
INSERT INTO `lessons` VALUES (848, 'Organic Chemistry I', 0, 4, 6, 'en', 5);
INSERT INTO `lessons` VALUES (849, 'Organik Kimya Lab. I', 0, 3, 4, 'tr', 5);
INSERT INTO `lessons` VALUES (850, 'Yeşil ve Sürdürülebilir Kimya*', 0, 3, 4, 'tr', 5);
INSERT INTO `lessons` VALUES (851, 'Anorganik Kimya II', 0, 3, 4, 'tr', 6);
INSERT INTO `lessons` VALUES (852, 'Biyokimya I', 0, 3, 5, 'tr', 6);
INSERT INTO `lessons` VALUES (853, 'Biyokimya Lab. I', 0, 2, 3, 'tr', 6);
INSERT INTO `lessons` VALUES (854, 'Doğada Gerçekleşen Kimya Olayları*', 0, 3, 4, 'tr', 6);
INSERT INTO `lessons` VALUES (855, 'Elektrokimya II*', 0, 3, 4, 'tr', 6);
INSERT INTO `lessons` VALUES (856, 'Endüstriyel Analiz*', 0, 3, 4, 'tr', 6);
INSERT INTO `lessons` VALUES (857, 'Energy Conversion and Storage Systems*', 0, 3, 4, 'en', 6);
INSERT INTO `lessons` VALUES (858, 'Enstrümental Analizde Seçme Konular*', 0, 3, 4, 'tr', 6);
INSERT INTO `lessons` VALUES (859, 'Kompozit Malzemeler*', 0, 3, 4, 'tr', 6);
INSERT INTO `lessons` VALUES (860, 'Koordinasyon Kimyası*', 0, 3, 4, 'tr', 6);
INSERT INTO `lessons` VALUES (861, 'Organic Chemistry II', 0, 4, 6, 'en', 6);
INSERT INTO `lessons` VALUES (862, 'Organik Kimya Lab. II', 0, 3, 4, 'tr', 6);
INSERT INTO `lessons` VALUES (863, 'Organik Reaksiyon Mekanizması*', 0, 3, 4, 'tr', 6);
INSERT INTO `lessons` VALUES (864, 'Toksikoloji ve Hijyen*', 0, 3, 4, 'tr', 6);
INSERT INTO `lessons` VALUES (865, 'Yeşil Kimyaya Fizikokimyasal Yaklaşım*', 0, 3, 4, 'tr', 6);
INSERT INTO `lessons` VALUES (866, 'Besin Kimyası I*', 0, 3, 4, 'tr', 7);
INSERT INTO `lessons` VALUES (867, 'Bitirme Projesi I', 0, 2, 9, 'tr', 7);
INSERT INTO `lessons` VALUES (868, 'Biyokimya II', 0, 2, 3, 'tr', 7);
INSERT INTO `lessons` VALUES (869, 'Biyokimya Lab. II', 0, 1, 2, 'tr', 7);
INSERT INTO `lessons` VALUES (870, 'Biyokimyada Seçme Konular I*', 0, 3, 4, 'tr', 7);
INSERT INTO `lessons` VALUES (871, 'Colloid Chemistry*', 0, 3, 4, 'en', 7);
INSERT INTO `lessons` VALUES (872, 'Inorganic Industrial Chemistry*', 0, 3, 4, 'en', 7);
INSERT INTO `lessons` VALUES (873, 'Klinik Kimyası*', 0, 3, 4, 'tr', 7);
INSERT INTO `lessons` VALUES (874, 'Kozmetik Kimya*', 0, 3, 4, 'tr', 7);
INSERT INTO `lessons` VALUES (875, 'Makromoleküller I*', 0, 3, 4, 'tr', 7);
INSERT INTO `lessons` VALUES (876, 'Nanochemistry*', 0, 3, 4, 'en', 7);
INSERT INTO `lessons` VALUES (877, 'Organik Boyar Maddeler*', 0, 3, 4, 'tr', 7);
INSERT INTO `lessons` VALUES (878, 'Pestisidler*', 0, 3, 4, 'tr', 7);
INSERT INTO `lessons` VALUES (879, 'Seramik Kimyası*', 0, 3, 4, 'tr', 7);
INSERT INTO `lessons` VALUES (880, 'Supramoleküller*', 0, 3, 4, 'tr', 7);
INSERT INTO `lessons` VALUES (881, 'Tekstil Kimyası I*', 0, 3, 4, 'tr', 7);
INSERT INTO `lessons` VALUES (882, 'Water and Its Technology*', 0, 3, 4, 'en', 7);
INSERT INTO `lessons` VALUES (883, 'Bitirme Projesi II', 0, 2, 9, 'tr', 7);
INSERT INTO `lessons` VALUES (905, 'Genel ve Anorganik Kimya Laboratuvarı', 0, 1, 2, 'tr', 1);
INSERT INTO `lessons` VALUES (884, 'Organik Analiz*', 0, 3, 4, 'tr', 7);
INSERT INTO `lessons` VALUES (885, 'Bitirme Projesi I', 0, 2, 9, 'tr', 8);
INSERT INTO `lessons` VALUES (886, 'Adli Kimya*', 0, 3, 4, 'tr', 8);
INSERT INTO `lessons` VALUES (887, 'Besin Kimyası II*', 0, 3, 4, 'tr', 8);
INSERT INTO `lessons` VALUES (888, 'Bitirme Projesi II', 0, 2, 9, 'tr', 8);
INSERT INTO `lessons` VALUES (889, 'Bitki Kimyası*', 0, 3, 4, 'tr', 8);
INSERT INTO `lessons` VALUES (890, 'Biyokimyada Seçme Konular II*', 0, 3, 5, 'tr', 8);
INSERT INTO `lessons` VALUES (891, 'Biyoteknoloji*', 0, 3, 4, 'tr', 8);
INSERT INTO `lessons` VALUES (892, 'Enzim Kimyası*', 0, 3, 4, 'tr', 8);
INSERT INTO `lessons` VALUES (893, 'İlaç Aktif Maddeler*', 0, 3, 4, 'tr', 8);
INSERT INTO `lessons` VALUES (894, 'Makromoleküller II*', 0, 3, 4, 'tr', 8);
INSERT INTO `lessons` VALUES (895, 'Organic Industrial Chemistry*', 0, 3, 4, 'en', 8);
INSERT INTO `lessons` VALUES (896, 'Organik Analiz*', 0, 3, 4, 'tr', 8);
INSERT INTO `lessons` VALUES (897, 'Organik Kimya III*', 0, 3, 5, 'tr', 8);
INSERT INTO `lessons` VALUES (898, 'Polymer Chemistry*', 0, 3, 4, 'en', 8);
INSERT INTO `lessons` VALUES (899, 'Selective Topics in Physical Chemistry*', 0, 3, 4, 'en', 8);
INSERT INTO `lessons` VALUES (900, 'Surface Analysis Techniques*', 0, 3, 4, 'en', 8);
INSERT INTO `lessons` VALUES (901, 'Tekstil Boyama Teknolojisi*', 0, 3, 4, 'tr', 8);
INSERT INTO `lessons` VALUES (902, 'Tekstil Kimyası II*', 0, 3, 4, 'tr', 8);
INSERT INTO `lessons` VALUES (903, 'Uygulamalı Girişimcilik*', 0, 3, 5, 'tr', 8);
INSERT INTO `lessons` VALUES (906, 'Kimya Mühendisliğine Giriş', 0, 2, 2, 'tr', 1);
INSERT INTO `lessons` VALUES (907, 'Fizik I', 0, 4, 6, 'tr', 1);
INSERT INTO `lessons` VALUES (908, 'Calculus I', 0, 2.5, 6, 'en', 1);
INSERT INTO `lessons` VALUES (909, 'Technical English I', 0, 3, 5, 'en', 1);
INSERT INTO `lessons` VALUES (910, 'Beden Eğitimi I*', 0, 0, 1, 'tr', 1);
INSERT INTO `lessons` VALUES (911, 'Kimya Mühendisliğinde Teknik Resim', 0, 2, 4, 'tr', 2);
INSERT INTO `lessons` VALUES (912, 'Kimya Mühendisliğinde Bilgisayar Programlama', 0, 2, 2, 'tr', 2);
INSERT INTO `lessons` VALUES (913, 'Fizik II', 0, 4, 6, 'tr', 2);
INSERT INTO `lessons` VALUES (914, 'Calculus II', 0, 2.5, 6, 'en', 2);
INSERT INTO `lessons` VALUES (915, 'Technical English II', 0, 3, 5, 'en', 2);
INSERT INTO `lessons` VALUES (916, 'Beden Eğitimi II*', 0, 0, 1, 'tr', 2);
INSERT INTO `lessons` VALUES (917, 'Organik Kimya I', 0, 3, 4, 'tr', 3);
INSERT INTO `lessons` VALUES (918, 'Organik Kimya Laboratuvarı I', 0, 1, 3, 'tr', 3);
INSERT INTO `lessons` VALUES (919, 'Fizikokimya', 0, 3, 4, 'tr', 3);
INSERT INTO `lessons` VALUES (920, 'Fizikokimya Laboratuvarı', 0, 1, 2, 'tr', 3);
INSERT INTO `lessons` VALUES (921, 'Numerical Analysis', 0, 2.5, 5, 'en', 3);
INSERT INTO `lessons` VALUES (922, 'Calculus III', 0, 2.5, 6, 'en', 3);
INSERT INTO `lessons` VALUES (923, 'Çevre Teknolojisi*', 0, 2, 3, 'tr', 3);
INSERT INTO `lessons` VALUES (924, 'Enerji Teknolojileri*', 0, 2, 3, 'tr', 3);
INSERT INTO `lessons` VALUES (925, 'İşletme Yönetimi*', 0, 2, 3, 'tr', 3);
INSERT INTO `lessons` VALUES (926, 'Yeşil Kimya*', 0, 2, 3, 'tr', 3);
INSERT INTO `lessons` VALUES (927, 'Organik Kimya II', 0, 3, 4, 'tr', 4);
INSERT INTO `lessons` VALUES (928, 'Organik Kimya Laboratuvarı II', 0, 1, 3, 'tr', 4);
INSERT INTO `lessons` VALUES (929, 'Analitik Kimya', 0, 2.5, 4, 'tr', 4);
INSERT INTO `lessons` VALUES (930, 'Analitik Kimya Laboratuvarı', 0, 1, 2, 'tr', 4);
INSERT INTO `lessons` VALUES (931, 'Differential Equations', 0, 3, 6, 'en', 4);
INSERT INTO `lessons` VALUES (932, 'Chemical Process Calculations', 0, 3, 5, 'en', 4);
INSERT INTO `lessons` VALUES (933, 'Mühendislik Ekonomisi*', 0, 2, 3, 'tr', 4);
INSERT INTO `lessons` VALUES (934, 'Bilim ve Kimya Tarihi*', 0, 2, 3, 'tr', 4);
INSERT INTO `lessons` VALUES (935, 'Mesleki Etik*', 0, 2, 3, 'tr', 4);
INSERT INTO `lessons` VALUES (936, 'Afet Kültürü*', 0, 2, 2, 'tr', 4);
INSERT INTO `lessons` VALUES (937, 'Şehir Kültür-İstanbul*', 0, 2, 2, 'tr', 4);
INSERT INTO `lessons` VALUES (938, 'İş Sağlığı ve Güvenliği*', 0, 2, 2, 'tr', 4);
INSERT INTO `lessons` VALUES (939, 'İşaret Dili*', 0, 2, 2, 'tr', 4);
INSERT INTO `lessons` VALUES (940, 'Kimya Müh. Termodinamiği I', 0, 2.5, 4, 'tr', 5);
INSERT INTO `lessons` VALUES (941, 'Isı Transferi', 0, 2.5, 4, 'tr', 5);
INSERT INTO `lessons` VALUES (942, 'Mathematical Modelling in Chemical Engineering', 0, 2.5, 5, 'en', 5);
INSERT INTO `lessons` VALUES (943, 'Fluid Mechanics', 0, 2.5, 5, 'en', 5);
INSERT INTO `lessons` VALUES (944, 'Biokimya*', 0, 2.5, 4, 'tr', 5);
INSERT INTO `lessons` VALUES (945, 'Polimer Fiziği*', 0, 2.5, 4, 'tr', 5);
INSERT INTO `lessons` VALUES (946, 'Tekstil Kimyası*', 0, 2.5, 4, 'tr', 5);
INSERT INTO `lessons` VALUES (947, 'Boya ve Bileşenleri*', 0, 2.5, 4, 'tr', 5);
INSERT INTO `lessons` VALUES (948, 'Seramik Malzemeler*', 0, 2.5, 4, 'tr', 5);
INSERT INTO `lessons` VALUES (949, 'Besin Kimyası I*', 0, 2.5, 4, 'tr', 5);
INSERT INTO `lessons` VALUES (950, 'İlaç Kimyasına Giriş*', 0, 2.5, 4, 'tr', 5);
INSERT INTO `lessons` VALUES (951, 'Nanotechnology and Nanomaterials*', 0, 2.5, 4, 'en', 5);
INSERT INTO `lessons` VALUES (952, 'Surface Chemistry*', 0, 2.5, 4, 'en', 5);
INSERT INTO `lessons` VALUES (953, 'Experimental Design*', 0, 2.5, 4, 'en', 5);
INSERT INTO `lessons` VALUES (954, 'Kimya Müh. Termodinamiği II', 0, 2.5, 4, 'tr', 6);
INSERT INTO `lessons` VALUES (955, 'Kütle Transferi', 0, 2.5, 4, 'tr', 6);
INSERT INTO `lessons` VALUES (956, 'Anorganik Teknolojiler', 0, 3, 3, 'tr', 6);
INSERT INTO `lessons` VALUES (957, 'Kimyasal Reaksiyon Mühendisliği', 0, 2.5, 3, 'tr', 6);
INSERT INTO `lessons` VALUES (958, 'Materials Science', 0, 3, 4, 'en', 6);
INSERT INTO `lessons` VALUES (959, 'Endüstriyel Mikrobiyoloji*', 0, 2.5, 4, 'tr', 6);
INSERT INTO `lessons` VALUES (960, 'Polimer Kimyası*', 0, 2.5, 4, 'tr', 6);
INSERT INTO `lessons` VALUES (961, 'Tekstil Hazırlama Teknolojileri*', 0, 2.5, 4, 'tr', 6);
INSERT INTO `lessons` VALUES (962, 'Boya Üretimi*', 0, 2.5, 4, 'tr', 6);
INSERT INTO `lessons` VALUES (963, 'Kompozit Malzemeler*', 0, 2.5, 4, 'tr', 6);
INSERT INTO `lessons` VALUES (964, 'Besin Kimyası II*', 0, 2.5, 4, 'tr', 6);
INSERT INTO `lessons` VALUES (965, 'İlaç Üretim Teknolojileri*', 0, 2.5, 4, 'tr', 6);
INSERT INTO `lessons` VALUES (966, 'Electrochemistry *', 0, 2.5, 4, 'en', 6);
INSERT INTO `lessons` VALUES (967, 'Transport Phenomena*', 0, 2.5, 4, 'en', 6);
INSERT INTO `lessons` VALUES (968, 'Kimya Mühendisliği Tasarımı', 0, 2, 4, 'tr', 7);
INSERT INTO `lessons` VALUES (969, 'Temel İşlemler I', 0, 3, 3, 'tr', 7);
INSERT INTO `lessons` VALUES (970, 'Organik Teknolojiler', 0, 2.5, 3, 'tr', 7);
INSERT INTO `lessons` VALUES (971, 'Kimya Mühendisliği Lab. I', 0, 2.5, 3, 'tr', 7);
INSERT INTO `lessons` VALUES (972, 'Reactor Design', 0, 3, 5, 'en', 7);
INSERT INTO `lessons` VALUES (973, 'Bioreaktör Tasarımı*', 0, 2.5, 3, 'tr', 7);
INSERT INTO `lessons` VALUES (974, 'Polimer Üretim Teknolojileri*', 0, 2.5, 4, 'tr', 7);
INSERT INTO `lessons` VALUES (975, 'Tekstil Boyama Teknolojisi*', 0, 2.5, 4, 'tr', 7);
INSERT INTO `lessons` VALUES (976, 'Boya Test Yöntemleri*', 0, 2.5, 4, 'tr', 7);
INSERT INTO `lessons` VALUES (977, 'Metal Malzemeler ve Korozyon*', 0, 2.5, 4, 'tr', 7);
INSERT INTO `lessons` VALUES (978, 'Besin Teknolojisi*', 0, 2.5, 4, 'tr', 7);
INSERT INTO `lessons` VALUES (979, 'İlaç Üretiminde Kalite Yönetimi*', 0, 2.5, 4, 'tr', 7);
INSERT INTO `lessons` VALUES (980, 'Instrumental Analysis*', 0, 2.5, 4, 'en', 7);
INSERT INTO `lessons` VALUES (981, 'Factory Organization*', 0, 2.5, 4, 'en', 7);
INSERT INTO `lessons` VALUES (982, 'Bitirme Projesi', 0, 2, 4, 'tr', 8);
INSERT INTO `lessons` VALUES (983, 'Temel İşlemler II', 0, 3, 3, 'tr', 8);
INSERT INTO `lessons` VALUES (984, 'Kimya Mühendisliği Laboratuvarı II', 0, 2.5, 3, 'tr', 8);
INSERT INTO `lessons` VALUES (985, 'Proses Kontrol', 0, 2.5, 4, 'tr', 8);
INSERT INTO `lessons` VALUES (986, 'Process Design', 0, 3, 5, 'en', 8);
INSERT INTO `lessons` VALUES (987, 'Process Safety*', 0, 2.5, 4, 'en', 8);
INSERT INTO `lessons` VALUES (988, 'Fundamentals of Biotechnology*', 0, 2.5, 4, 'en', 8);
INSERT INTO `lessons` VALUES (989, 'Temel Prosesler*', 0, 2, 2, 'tr', 8);
INSERT INTO `lessons` VALUES (990, 'Yakıt Hücreleri Teorisi ve Uygulamalar*', 0, 2, 2, 'tr', 8);
INSERT INTO `lessons` VALUES (991, 'Su Arıtma Teknolojileri*', 0, 3, 5, 'tr', 8);
INSERT INTO `lessons` VALUES (992, 'İyon Değiştirme ve Ekstraksiyon*', 0, 3, 5, 'tr', 8);
INSERT INTO `lessons` VALUES (993, 'Uygulamalı Girişimcilik*', 0, 3, 5, 'tr', 8);
INSERT INTO `lessons` VALUES (994, 'Mathematics I', 0, 5, 6, 'en', 1);
INSERT INTO `lessons` VALUES (995, 'General Chemistry', 0, 4, 8, 'en', 1);
INSERT INTO `lessons` VALUES (996, 'Technical English I', 0, 2, 5, 'en', 1);
INSERT INTO `lessons` VALUES (997, 'Fizik I', 0, 4, 6, 'tr', 1);
INSERT INTO `lessons` VALUES (998, 'Beden Eğitimi I*', 0, 0, 1, 'tr', 1);
INSERT INTO `lessons` VALUES (999, 'Mathematics II', 0, 5, 6, 'en', 2);
INSERT INTO `lessons` VALUES (1000, 'Genel Jeoloji', 0, 2.5, 4, 'tr', 2);
INSERT INTO `lessons` VALUES (1001, 'Technical English II', 0, 2, 4, 'en', 2);
INSERT INTO `lessons` VALUES (1002, 'Fizik II', 0, 4, 6, 'tr', 2);
INSERT INTO `lessons` VALUES (1003, 'Teknik Resim', 0, 3.5, 5, 'tr', 2);
INSERT INTO `lessons` VALUES (1004, 'Beden Eğitimi II*', 0, 0, 1, 'tr', 2);
INSERT INTO `lessons` VALUES (1005, 'Mine Valuation', 0, 2, 2, 'en', 3);
INSERT INTO `lessons` VALUES (1006, 'Bilgisayar Temelleri ve Programlamaya Giriş', 0, 3, 5, 'tr', 3);
INSERT INTO `lessons` VALUES (1007, 'Mineraloji-Petrografi', 0, 2.5, 3, 'tr', 3);
INSERT INTO `lessons` VALUES (1008, 'Statik', 0, 2, 4, 'tr', 3);
INSERT INTO `lessons` VALUES (1009, 'Dinamik', 0, 2, 4, 'tr', 3);
INSERT INTO `lessons` VALUES (1010, 'Madenlerde Hazırlık ve Kazı', 0, 2, 4, 'tr', 3);
INSERT INTO `lessons` VALUES (1011, 'Mine System Analysis*', 0, 3, 4, 'en', 3);
INSERT INTO `lessons` VALUES (1012, 'Aggregate and Cement Technology*', 0, 3, 4, 'en', 3);
INSERT INTO `lessons` VALUES (1013, 'Makine Elemanları*', 0, 3, 4, 'tr', 3);
INSERT INTO `lessons` VALUES (1014, 'Malzeme*', 0, 3, 4, 'tr', 3);
INSERT INTO `lessons` VALUES (1015, 'Mukavemet', 0, 2, 3, 'tr', 4);
INSERT INTO `lessons` VALUES (1016, 'Maden Yatakları', 0, 2, 4, 'tr', 4);
INSERT INTO `lessons` VALUES (1017, 'Açık İşletme Yöntemleri', 0, 2, 5, 'tr', 4);
INSERT INTO `lessons` VALUES (1018, 'Yeraltı Üretim Yöntemleri', 0, 2, 5, 'tr', 4);
INSERT INTO `lessons` VALUES (1019, 'Termodinamik', 0, 2, 3, 'tr', 4);
INSERT INTO `lessons` VALUES (1020, 'Harita Bilgisi', 0, 2.5, 4, 'tr', 4);
INSERT INTO `lessons` VALUES (1021, 'Energy Sources*', 0, 3, 4, 'en', 4);
INSERT INTO `lessons` VALUES (1022, 'Drilling Techniques*', 0, 3, 4, 'en', 4);
INSERT INTO `lessons` VALUES (1023, 'Afet Kültürü*', 0, 2, 2, 'tr', 4);
INSERT INTO `lessons` VALUES (1024, 'Şehir ve Kültür İstanbul*', 0, 2, 2, 'tr', 4);
INSERT INTO `lessons` VALUES (1025, 'İş Sağlığı ve Güvenliği*', 0, 2, 2, 'tr', 4);
INSERT INTO `lessons` VALUES (1026, 'İş Hukuku*', 0, 2, 2, 'tr', 4);
INSERT INTO `lessons` VALUES (1027, 'Fluid Mechanics', 0, 2, 3, 'en', 5);
INSERT INTO `lessons` VALUES (1028, 'Madenlerde Ulaşım ve Su Atımı', 0, 2.5, 4, 'tr', 5);
INSERT INTO `lessons` VALUES (1029, 'Cevher Hazırlama I', 0, 2.5, 4, 'tr', 5);
INSERT INTO `lessons` VALUES (1030, 'Kaya Mekaniği', 0, 3, 4, 'tr', 5);
INSERT INTO `lessons` VALUES (1031, 'Maden Yataklarının Değerlendirilmesi', 0, 3, 4, 'tr', 5);
INSERT INTO `lessons` VALUES (1032, 'Mining and Environment*', 0, 3, 4, 'en', 5);
INSERT INTO `lessons` VALUES (1033, 'Fragmentation and Blasting Techniques*', 0, 3, 4, 'en', 5);
INSERT INTO `lessons` VALUES (1034, 'Genel Jeofizik*', 0, 3, 4, 'tr', 5);
INSERT INTO `lessons` VALUES (1035, 'Madencilikte Bilgisayar Uygulamaları*', 0, 3, 4, 'tr', 5);
INSERT INTO `lessons` VALUES (1036, 'Madencilikte Zemin Mekaniği Uygulamaları*', 0, 3, 4, 'tr', 5);
INSERT INTO `lessons` VALUES (1037, 'Endüstriyel Mineraller*', 0, 3, 4, 'tr', 5);
INSERT INTO `lessons` VALUES (1038, 'Mühendislik Jeolojisi', 0, 2.5, 4, 'tr', 6);
INSERT INTO `lessons` VALUES (1039, 'İstatistik', 0, 2, 3, 'tr', 6);
INSERT INTO `lessons` VALUES (1040, 'Tahkimat', 0, 2.5, 5, 'tr', 6);
INSERT INTO `lessons` VALUES (1041, 'Cevher Hazırlama II', 0, 2.5, 5, 'tr', 6);
INSERT INTO `lessons` VALUES (1042, 'Kazı Mekanizasyonu', 0, 2.5, 5, 'tr', 6);
INSERT INTO `lessons` VALUES (1043, 'Waste Management*', 0, 3, 4, 'en', 6);
INSERT INTO `lessons` VALUES (1044, 'Mineral Processing Plant & Design*', 0, 3, 4, 'en', 6);
INSERT INTO `lessons` VALUES (1045, 'Öğütme Teknolojileri*', 0, 3, 4, 'tr', 6);
INSERT INTO `lessons` VALUES (1046, 'Akım Şeması Geliştirme*', 0, 3, 4, 'tr', 6);
INSERT INTO `lessons` VALUES (1047, 'Şev Stabilitesi*', 0, 3, 4, 'tr', 6);
INSERT INTO `lessons` VALUES (1048, 'Bitirme Projesi I', 0, 2, 6, 'tr', 7);
INSERT INTO `lessons` VALUES (1049, 'Kömür Hazırlama', 0, 2.5, 4, 'tr', 7);
INSERT INTO `lessons` VALUES (1050, 'Maden Makineleri', 0, 3, 4, 'tr', 7);
INSERT INTO `lessons` VALUES (1051, 'Madenlerde Havalandırma', 0, 3, 4, 'tr', 7);
INSERT INTO `lessons` VALUES (1052, 'Solid Liquid Separation*', 0, 3, 4, 'en', 7);
INSERT INTO `lessons` VALUES (1053, 'Computer Applications in Mineral Processing*', 0, 3, 4, 'en', 7);
INSERT INTO `lessons` VALUES (1054, 'Organization and Management in Mines*', 0, 3, 4, 'en', 7);
INSERT INTO `lessons` VALUES (1055, 'Metalik Cevherleri Zenginleştirme Yöntemleri*', 0, 3, 4, 'tr', 7);
INSERT INTO `lessons` VALUES (1056, 'Mermer Teknolojisi*', 0, 3, 4, 'tr', 7);
INSERT INTO `lessons` VALUES (1057, 'Mühendislik Etiği*', 0, 3, 4, 'tr', 7);
INSERT INTO `lessons` VALUES (1058, 'Mining and Processing Terminology', 0, 2, 3, 'en', 8);
INSERT INTO `lessons` VALUES (1059, 'Bitirme Projesi II', 0, 2, 6, 'tr', 8);
INSERT INTO `lessons` VALUES (1060, 'Maden Hukuku', 0, 2, 2, 'en', 8);
INSERT INTO `lessons` VALUES (1061, 'Flotasyon', 0, 2.5, 3, 'en', 8);
INSERT INTO `lessons` VALUES (1062, 'Kimyasal Zenginleştirme Yöntemleri', 0, 2.5, 3, 'en', 8);
INSERT INTO `lessons` VALUES (1063, 'Surface Chemistry in Mineral Processing*', 0, 3, 4, 'en', 8);
INSERT INTO `lessons` VALUES (1064, 'Chemical Analysis in Minerals Industry*', 0, 3, 4, 'en', 8);
INSERT INTO `lessons` VALUES (1065, 'Solution Chemistry in Mineral Processing*', 0, 3, 4, 'en', 8);
INSERT INTO `lessons` VALUES (1066, 'Üretim Metalurjisi*', 0, 3, 5, 'tr', 8);
INSERT INTO `lessons` VALUES (1067, 'Uygulamalı Girişimcilik*', 0, 3, 5, 'tr', 8);
INSERT INTO `lessons` VALUES (1068, 'Nadir Toprak Elementleri*', 0, 3, 5, 'tr', 8);
INSERT INTO `lessons` VALUES (1069, 'Tünel Açma Yöntemleri*', 0, 3, 5, 'tr', 8);
INSERT INTO `lessons` VALUES (1070, 'Lineer Cebir', 0, 3, 4, 'tr', 1);
INSERT INTO `lessons` VALUES (1071, 'Introduction to Mechanical Engineering', 0, 2, 3, 'en', 1);
INSERT INTO `lessons` VALUES (1072, 'Introduction to Selected Research Topics in Mechanical Engineering I', 0, 2, 2, 'en', 1);
INSERT INTO `lessons` VALUES (1073, 'Fizik I', 0, 4, 6, 'tr', 1);
INSERT INTO `lessons` VALUES (1074, 'Matematik I', 0, 5, 6, 'tr', 1);
INSERT INTO `lessons` VALUES (1075, 'Genel Kimya', 0, 3, 4, 'tr', 1);
INSERT INTO `lessons` VALUES (1076, 'Beden Eğitimi I*', 0, 0, 1, 'tr', 1);
INSERT INTO `lessons` VALUES (1077, 'Statik', 0, 3.5, 6, 'tr', 2);
INSERT INTO `lessons` VALUES (1078, 'Introduction to Selected Research Topics in Mechanical Engineering II', 0, 2, 2, 'en', 2);
INSERT INTO `lessons` VALUES (1079, 'Fizik II', 0, 4, 6, 'tr', 2);
INSERT INTO `lessons` VALUES (1080, 'Matematik II', 0, 5, 6, 'tr', 2);
INSERT INTO `lessons` VALUES (1081, 'Teknik Resim', 0, 3.5, 5, 'tr', 2);
INSERT INTO `lessons` VALUES (1082, 'Beden Eğitimi II*', 0, 0, 1, 'tr', 2);
INSERT INTO `lessons` VALUES (1083, 'Mathematics III', 0, 4, 6, 'en', 3);
INSERT INTO `lessons` VALUES (1084, 'Thermodynamics', 0, 4, 6, 'en', 3);
INSERT INTO `lessons` VALUES (1085, 'Materials Science', 0, 3, 5, 'en', 3);
INSERT INTO `lessons` VALUES (1086, 'Dynamics', 0, 3, 4, 'en', 3);
INSERT INTO `lessons` VALUES (1087, 'Technical Drawing Applications', 0, 1.5, 2, 'en', 3);
INSERT INTO `lessons` VALUES (1088, 'Bilgisayar Temelleri ve Programlamaya Giriş', 0, 3, 5, 'tr', 3);
INSERT INTO `lessons` VALUES (1089, 'Makine ve Medeniyet Felsefesi*', 0, 2, 2, 'tr', 3);
INSERT INTO `lessons` VALUES (1090, 'Bilim ve Teknoloji Tarihi I*', 0, 2, 2, 'tr', 3);
INSERT INTO `lessons` VALUES (1091, 'Strength of Materials', 0, 3.5, 6, 'en', 4);
INSERT INTO `lessons` VALUES (1092, 'Elektrik Mühendisliğine Giriş', 0, 4.5, 5, 'tr', 4);
INSERT INTO `lessons` VALUES (1093, 'Rigid Body Dynamics', 0, 4, 5, 'en', 4);
INSERT INTO `lessons` VALUES (1094, 'Diferansiyel Denklemler', 0, 4, 6, 'tr', 4);
INSERT INTO `lessons` VALUES (1095, 'Applied Thermodynamics*', 0, 3, 4, 'en', 4);
INSERT INTO `lessons` VALUES (1096, 'Thermic Turbomachinery*', 0, 3, 4, 'en', 4);
INSERT INTO `lessons` VALUES (1097, 'Engineering Materials*', 0, 3, 4, 'en', 4);
INSERT INTO `lessons` VALUES (1098, 'Materials Applications*', 0, 3, 4, 'en', 4);
INSERT INTO `lessons` VALUES (1099, 'Akışkanlar Mekaniği', 0, 3, 5, 'tr', 5);
INSERT INTO `lessons` VALUES (1100, 'Dynamics of Machinery and Mechanisms', 0, 4, 6, 'en', 5);
INSERT INTO `lessons` VALUES (1101, 'Makina Elemanları I', 0, 3.5, 5, 'tr', 5);
INSERT INTO `lessons` VALUES (1102, 'Üretim Teknikleri', 0, 3, 4, 'tr', 5);
INSERT INTO `lessons` VALUES (1103, 'Makine Laboratuvarı I', 0, 2.5, 4, 'tr', 5);
INSERT INTO `lessons` VALUES (1104, 'Numerical Analysis', 0, 3.5, 4, 'en', 5);
INSERT INTO `lessons` VALUES (1105, 'İş Sağlığı ve Güvenliği*', 0, 2, 2, 'tr', 5);
INSERT INTO `lessons` VALUES (1106, 'İş Hukuku*', 0, 2, 2, 'tr', 5);
INSERT INTO `lessons` VALUES (1107, 'System Dynamics and Control', 0, 4, 5, 'en', 6);
INSERT INTO `lessons` VALUES (1108, 'Isı Transferi', 0, 4, 6, 'tr', 6);
INSERT INTO `lessons` VALUES (1109, 'Makina Elemanları II', 0, 3.5, 6, 'tr', 6);
INSERT INTO `lessons` VALUES (1110, 'Makina Laboratuvarı II', 0, 2.5, 5, 'tr', 6);
INSERT INTO `lessons` VALUES (1111, 'Uygulamalı Akışkanlar Mekaniği*', 0, 3, 4, 'tr', 6);
INSERT INTO `lessons` VALUES (1112, 'Hidrolik Makinalar*', 0, 3, 4, 'tr', 6);
INSERT INTO `lessons` VALUES (1113, 'Metal Şekillendirme ve Birleştirme Tek.*', 0, 3, 4, 'tr', 6);
INSERT INTO `lessons` VALUES (1114, 'Mühendislikte Şekillendirme Kalıpları*', 0, 3, 4, 'tr', 6);
INSERT INTO `lessons` VALUES (1115, 'Makina Projesi I', 0, 2, 4, 'tr', 7);
INSERT INTO `lessons` VALUES (1116, 'Bitirme Projesi I', 0, 2, 6, 'tr', 7);
INSERT INTO `lessons` VALUES (1117, 'Analytical Mechanics*', 0, 3, 4, 'en', 7);
INSERT INTO `lessons` VALUES (1118, 'Modelling and Simulation of Dynamic Systems*', 0, 3, 4, 'en', 7);
INSERT INTO `lessons` VALUES (1119, 'Computer Aided Design*', 0, 3, 4, 'en', 7);
INSERT INTO `lessons` VALUES (1120, 'Introduction to Smart Materials*', 0, 3, 4, 'en', 7);
INSERT INTO `lessons` VALUES (1121, 'Introduction to Robotics*', 0, 3, 4, 'en', 7);
INSERT INTO `lessons` VALUES (1122, 'C/C++ for Mechanical Engineers*', 0, 3, 4, 'en', 7);
INSERT INTO `lessons` VALUES (1123, 'İstatistik*', 0, 3, 4, 'tr', 7);
INSERT INTO `lessons` VALUES (1124, 'Gaz Dinamiği*', 0, 3, 4, 'tr', 7);
INSERT INTO `lessons` VALUES (1125, 'Yenilenebilir Enerji Kaynakları*', 0, 3, 4, 'tr', 7);
INSERT INTO `lessons` VALUES (1126, 'Endüstriyel Kontrol ve Otomasyon I*', 0, 3, 4, 'tr', 7);
INSERT INTO `lessons` VALUES (1127, 'Makine Mühendisliğinde İşaret İşleme*', 0, 3, 4, 'tr', 7);
INSERT INTO `lessons` VALUES (1128, 'Motorlar*', 0, 3, 4, 'tr', 7);
INSERT INTO `lessons` VALUES (1129, 'Makine Müh. Bilgisayar Uyg.*', 0, 3, 4, 'tr', 7);
INSERT INTO `lessons` VALUES (1130, 'Endüstriyel Problemler ve Müh. Yaklaşımları*', 0, 3, 4, 'tr', 7);
INSERT INTO `lessons` VALUES (1131, 'Kaynak Tasarımı ve İmalatı*', 0, 3, 4, 'tr', 7);
INSERT INTO `lessons` VALUES (1132, 'Fabrika Tasarımı*', 0, 3, 4, 'tr', 7);
INSERT INTO `lessons` VALUES (1133, 'Bilgisayar Destekli İmalat*', 0, 3, 4, 'tr', 7);
INSERT INTO `lessons` VALUES (1134, 'Transport Tekniği*', 0, 3, 4, 'tr', 7);
INSERT INTO `lessons` VALUES (1135, 'Makina Projesi II', 0, 2, 4, 'tr', 8);
INSERT INTO `lessons` VALUES (1136, 'Bitirme Projesi II', 0, 2, 5, 'tr', 8);
INSERT INTO `lessons` VALUES (1137, 'Finite Element Analysis*', 0, 3, 4, 'en', 8);
INSERT INTO `lessons` VALUES (1138, 'Mechanical Vibrations*', 0, 3, 4, 'en', 8);
INSERT INTO `lessons` VALUES (1139, 'Control of Mechanical Systems*', 0, 3, 4, 'en', 8);
INSERT INTO `lessons` VALUES (1140, 'Computer Aided Engineering*', 0, 3, 4, 'en', 8);
INSERT INTO `lessons` VALUES (1141, 'Introduction to Mechatronic System Design*', 0, 3, 4, 'en', 8);
INSERT INTO `lessons` VALUES (1142, 'Object Oriented Programming in Mechanical Engineering*', 0, 3, 4, 'en', 8);
INSERT INTO `lessons` VALUES (1143, 'Makina Mühendisliğinde Kısmi Diferansiyel Denklemler*', 0, 3, 4, 'tr', 8);
INSERT INTO `lessons` VALUES (1144, 'Aerodinamik*', 0, 3, 4, 'tr', 8);
INSERT INTO `lessons` VALUES (1145, 'Isı Değiştiricileri*', 0, 3, 4, 'tr', 8);
INSERT INTO `lessons` VALUES (1146, 'Mikro ve Nano Akışkan Sistemleri*', 0, 3, 4, 'tr', 8);
INSERT INTO `lessons` VALUES (1147, 'Hidrojen Enerjisi ve Ekonomisi*', 0, 3, 4, 'tr', 8);
INSERT INTO `lessons` VALUES (1148, 'Rüzgar Enerjisi*', 0, 3, 4, 'tr', 8);
INSERT INTO `lessons` VALUES (1149, 'Endüstriyel Kontrol ve Otomasyon II*', 0, 3, 4, 'tr', 8);
INSERT INTO `lessons` VALUES (1150, 'Soğutma İlkeleri*', 0, 3, 4, 'tr', 8);
INSERT INTO `lessons` VALUES (1151, 'Tahribatsız Muayene Yöntemleri*', 0, 3, 4, 'tr', 8);
INSERT INTO `lessons` VALUES (1152, 'Ölçme Tekniği*', 0, 3, 4, 'tr', 8);
INSERT INTO `lessons` VALUES (1153, 'Mühendislikte Kalite*', 0, 3, 4, 'tr', 8);
INSERT INTO `lessons` VALUES (1154, 'Akustik*', 0, 3, 4, 'tr', 8);
INSERT INTO `lessons` VALUES (1155, 'Makina Mühendisliğinde İmalat Uygulamaları*', 0, 3, 5, 'tr', 8);
INSERT INTO `lessons` VALUES (1156, 'Mühendislik Ekonomisi*', 0, 3, 5, 'tr', 8);
INSERT INTO `lessons` VALUES (1157, 'Uygulamalı Girişimcilik*', 0, 3, 5, 'tr', 8);
INSERT INTO `lessons` VALUES (1158, 'Bilgisayar Temelleri ve Programlamaya Giriş', 0, 3, 5, 'tr', 1);
INSERT INTO `lessons` VALUES (1159, 'Fizik I', 0, 4, 6, 'tr', 1);
INSERT INTO `lessons` VALUES (1160, 'General Chemistry', 0, 3, 4, 'en', 1);
INSERT INTO `lessons` VALUES (1161, 'Mathematics I', 0, 5, 6, 'en', 1);
INSERT INTO `lessons` VALUES (1162, 'Metalurji ve Malzeme Mühendisliğine Giriş', 0, 2, 4, 'en', 1);
INSERT INTO `lessons` VALUES (1163, 'Fizik II', 0, 4, 6, 'tr', 2);
INSERT INTO `lessons` VALUES (1164, 'Fiziksel Kimya', 0, 3, 8, 'tr', 2);
INSERT INTO `lessons` VALUES (1165, 'Mathematics II', 0, 5, 6, 'en', 2);
INSERT INTO `lessons` VALUES (1166, 'Teknik Resim', 0, 3, 5, 'tr', 2);
INSERT INTO `lessons` VALUES (1167, 'Cevher Hazırlama*', 0, 2, 3, 'tr', 3);
INSERT INTO `lessons` VALUES (1168, 'Differantial Equations', 0, 4, 6, 'en', 3);
INSERT INTO `lessons` VALUES (1169, 'Görsel Programlama*', 0, 2, 3, 'tr', 3);
INSERT INTO `lessons` VALUES (1170, 'Materials Science I', 0, 3, 4, 'tr', 3);
INSERT INTO `lessons` VALUES (1171, 'Metalurji Mühendisliği Termodinamiği I', 0, 3, 4, 'tr', 3);
INSERT INTO `lessons` VALUES (1172, 'Ölçme Tekniği', 0, 2, 3, 'tr', 3);
INSERT INTO `lessons` VALUES (1173, 'Phase Diagrams', 0, 3, 3, 'en', 3);
INSERT INTO `lessons` VALUES (1174, 'Sayısal Analiz*', 0, 2, 3, 'tr', 3);
INSERT INTO `lessons` VALUES (1175, 'Statics For Metallurgical Engineers', 0, 2, 3, 'en', 3);
INSERT INTO `lessons` VALUES (1176, 'Taşınım Olayları I', 0, 2, 4, 'tr', 3);
INSERT INTO `lessons` VALUES (1177, 'Academic Writing And Presentation Techniques*', 0, 2, 2, 'tr', 4);
INSERT INTO `lessons` VALUES (1178, 'Bilim Tarihi*', 0, 2, 2, 'tr', 4);
INSERT INTO `lessons` VALUES (1179, 'İş Hukuku*', 0, 2, 2, 'tr', 4);
INSERT INTO `lessons` VALUES (1180, 'İş Sağlığı Ve Güvenliği*', 0, 2, 2, 'tr', 4);
INSERT INTO `lessons` VALUES (1181, 'İşaret Dili*', 0, 2, 2, 'tr', 4);
INSERT INTO `lessons` VALUES (1182, 'Malzemelerin Elektronik Özellikleri', 0, 3, 5, 'tr', 4);
INSERT INTO `lessons` VALUES (1183, 'Management Informatıon Systems*', 0, 2, 2, 'en', 4);
INSERT INTO `lessons` VALUES (1184, 'Materials Science II', 0, 3, 5, 'en', 4);
INSERT INTO `lessons` VALUES (1185, 'Metalurji Mühendisliği Termodinamiği II', 0, 3, 5, 'tr', 4);
INSERT INTO `lessons` VALUES (1186, 'Strength for Metallurgical Engineers', 0, 2, 5, 'en', 4);
INSERT INTO `lessons` VALUES (1187, 'Taşınım Olayları II', 0, 2, 6, 'tr', 4);
INSERT INTO `lessons` VALUES (1188, 'Aluminium Forming Technologies*', 0, 2, 3, 'en', 5);
INSERT INTO `lessons` VALUES (1189, 'Cam Bilimi ve Teknolojisi*', 0, 2, 3, 'tr', 5);
INSERT INTO `lessons` VALUES (1190, 'Endüstriyel Fırınlar*', 0, 2, 3, 'tr', 5);
INSERT INTO `lessons` VALUES (1191, 'Extractive Metallurgy I', 0, 3, 4, 'en', 5);
INSERT INTO `lessons` VALUES (1192, 'Kütle ve Enerji Hesaplamaları*', 0, 2, 3, 'tr', 5);
INSERT INTO `lessons` VALUES (1193, 'Malzemelerin Mekanik Özellikleri I', 0, 3, 5, 'tr', 5);
INSERT INTO `lessons` VALUES (1194, 'Metallerin Isıl İşlemleri*', 0, 2, 3, 'tr', 5);
INSERT INTO `lessons` VALUES (1195, 'Metallurgical Engineering Kinetics*', 0, 2, 3, 'en', 5);
INSERT INTO `lessons` VALUES (1196, 'Metalurji Mühendisliği Laboratuvarı I', 0, 1, 5, 'tr', 5);
INSERT INTO `lessons` VALUES (1197, 'Metalurjik Atık ve Çevre*', 0, 2, 3, 'tr', 5);
INSERT INTO `lessons` VALUES (1198, 'Seramik Malzemeler', 0, 3, 4, 'tr', 5);
INSERT INTO `lessons` VALUES (1199, 'Biyomalzemeler*', 0, 2, 3, 'tr', 6);
INSERT INTO `lessons` VALUES (1200, 'Corrosion and Protection From Corrosion*', 0, 2, 3, 'tr', 6);
INSERT INTO `lessons` VALUES (1201, 'Iron-Steel Production', 0, 3, 5, 'en', 6);
INSERT INTO `lessons` VALUES (1202, 'Kompozit Malzemeler*', 0, 2, 3, 'tr', 6);
INSERT INTO `lessons` VALUES (1203, 'Malzemelerin Mekanik Özellikleri II*', 0, 2, 3, 'tr', 6);
INSERT INTO `lessons` VALUES (1204, 'Metalografi', 0, 2, 4, 'tr', 6);
INSERT INTO `lessons` VALUES (1205, 'Metalurji Mühendisliği Laboratuarı II', 0, 1, 5, 'tr', 6);
INSERT INTO `lessons` VALUES (1206, 'Özel Çelikler*', 0, 2, 3, 'tr', 6);
INSERT INTO `lessons` VALUES (1207, 'Polimer Malzemeler*', 0, 2, 3, 'tr', 6);
INSERT INTO `lessons` VALUES (1208, 'Refrakter Malzemeler*', 0, 2, 3, 'tr', 6);
INSERT INTO `lessons` VALUES (1209, 'Statistical Process Control*', 0, 2, 3, 'en', 6);
INSERT INTO `lessons` VALUES (1210, 'Üretim Metalurjisi II', 0, 2, 3, 'tr', 6);
INSERT INTO `lessons` VALUES (1211, 'Biomedical Implant Technology*', 0, 2, 3, 'en', 7);
INSERT INTO `lessons` VALUES (1212, 'Demir Dışı Metal Üretimi I*', 0, 2, 3, 'tr', 7);
INSERT INTO `lessons` VALUES (1213, 'Demir ve Demirdışı Metal Alaşımları*', 0, 2, 3, 'tr', 7);
INSERT INTO `lessons` VALUES (1214, 'Energy Conversion And Storage Applications Of Materials*', 0, 2, 3, 'en', 7);
INSERT INTO `lessons` VALUES (1215, 'Kaynak Metalurjisi Ve Teknolojisi*', 0, 2, 3, 'tr', 7);
INSERT INTO `lessons` VALUES (1216, 'Malzeme Seçimi ve Tasarımı*', 0, 2, 3, 'tr', 7);
INSERT INTO `lessons` VALUES (1217, 'Metallerin Yeniden Kazanılması*', 0, 2, 3, 'tr', 7);
INSERT INTO `lessons` VALUES (1218, 'Metalurji Mühendisliği Laboratuarı III', 0, 1, 5, 'tr', 7);
INSERT INTO `lessons` VALUES (1219, 'Powder Metallurgy*', 0, 2, 3, 'en', 7);
INSERT INTO `lessons` VALUES (1220, 'Principles of Casting', 0, 3, 5, 'en', 7);
INSERT INTO `lessons` VALUES (1221, 'Proje Tasarımı', 0, 2, 5, 'tr', 7);
INSERT INTO `lessons` VALUES (1222, 'Tahribatsız Muayene Yöntemleri*', 0, 2, 3, 'tr', 7);
INSERT INTO `lessons` VALUES (1223, 'Üretim Tasarımı ve Maliyet Hesaplamaları*', 0, 2, 3, 'tr', 7);
INSERT INTO `lessons` VALUES (1224, 'Adli Metalurji*', 0, 3, 5, 'tr', 8);
INSERT INTO `lessons` VALUES (1225, 'Bitirme Projesi', 0, 2, 5, 'tr', 8);
INSERT INTO `lessons` VALUES (1226, 'Demirdışı Metal Üretimi II*', 0, 2, 3, 'tr', 8);
INSERT INTO `lessons` VALUES (1227, 'Döküm Teknolojileri*', 0, 2, 3, 'tr', 8);
INSERT INTO `lessons` VALUES (1228, 'Fonksiyonel Seramikler*', 0, 2, 3, 'tr', 8);
INSERT INTO `lessons` VALUES (1229, 'Malzeme Karakterizasyonu', 0, 3, 3, 'tr', 8);
INSERT INTO `lessons` VALUES (1230, 'Malzemelerin Yüzey İşlemleri*', 0, 2, 3, 'tr', 8);
INSERT INTO `lessons` VALUES (1231, 'Materials Characterization', 0, 3, 3, 'en', 8);
INSERT INTO `lessons` VALUES (1232, 'Metalik Malzemelerin Mekanik Şekillendirilmesi', 0, 3, 3, 'tr', 8);
INSERT INTO `lessons` VALUES (1233, 'Metalurji Mühendisliği Laboratuarı IV', 0, 1, 5, 'tr', 8);
INSERT INTO `lessons` VALUES (1234, 'Mühendislik Plastikleri*', 0, 2, 3, 'tr', 8);
INSERT INTO `lessons` VALUES (1235, 'Production Of Ferroalloys*', 0, 2, 3, 'tr', 8);
INSERT INTO `lessons` VALUES (1236, 'Production Processes and Characteristics of Nanostructured Material*', 0, 2, 3, 'en', 8);
INSERT INTO `lessons` VALUES (1237, 'Toplam Kalite Yönetimi*', 0, 2, 3, 'tr', 8);
INSERT INTO `lessons` VALUES (1238, 'Uygulamalı Girişimcilik*', 0, 2, 3, 'tr', 8);

-- ----------------------------
-- Table structure for user_departments
-- ----------------------------
DROP TABLE IF EXISTS `user_departments`;
CREATE TABLE `user_departments`  (
  `id` int(11) NOT NULL AUTO_INCREMENT,
  `user_id` int(10) UNSIGNED NULL DEFAULT NULL,
  `department_id` int(10) UNSIGNED NULL DEFAULT NULL,
  PRIMARY KEY (`id`) USING BTREE
) ENGINE = InnoDB AUTO_INCREMENT = 5 CHARACTER SET = utf8mb4 COLLATE = utf8mb4_turkish_ci ROW_FORMAT = Dynamic;

-- ----------------------------
-- Records of user_departments
-- ----------------------------
INSERT INTO `user_departments` VALUES (1, 1, 1);
INSERT INTO `user_departments` VALUES (2, 1, 2);
INSERT INTO `user_departments` VALUES (3, 2, 3);
INSERT INTO `user_departments` VALUES (4, 3, 1);
INSERT INTO `user_departments` VALUES (5, 3, 5);

-- ----------------------------
-- Table structure for user_lessons
-- ----------------------------
DROP TABLE IF EXISTS `user_lessons`;
CREATE TABLE `user_lessons`  (
  `id` int(11) NOT NULL AUTO_INCREMENT,
  `user_id` int(10) UNSIGNED NULL DEFAULT NULL,
  `lessons_id` int(10) UNSIGNED NULL DEFAULT NULL,
  `midterm_note` int(3) NULL DEFAULT NULL,
  `final_note` int(3) NULL DEFAULT NULL,
  PRIMARY KEY (`id`) USING BTREE
) ENGINE = InnoDB AUTO_INCREMENT = 6 CHARACTER SET = utf8mb4 COLLATE = utf8mb4_turkish_ci ROW_FORMAT = Dynamic;

-- ----------------------------
-- Records of user_lessons
-- ----------------------------
INSERT INTO `user_lessons` VALUES (1, 1, 1, 100, 45);
INSERT INTO `user_lessons` VALUES (2, 1, 2, NULL, NULL);
INSERT INTO `user_lessons` VALUES (3, 2, 3, NULL, NULL);
INSERT INTO `user_lessons` VALUES (4, 3, 1, NULL, NULL);
INSERT INTO `user_lessons` VALUES (5, 3, 5, NULL, NULL);
INSERT INTO `user_lessons` VALUES (6, 1, 13, 15, 100);

-- ----------------------------
-- Table structure for users
-- ----------------------------
DROP TABLE IF EXISTS `users`;
CREATE TABLE `users`  (
  `id` int(11) NOT NULL AUTO_INCREMENT,
  `email` varchar(255) CHARACTER SET utf8mb4 COLLATE utf8mb4_turkish_ci NOT NULL,
  `password` varchar(255) CHARACTER SET utf8mb4 COLLATE utf8mb4_turkish_ci NOT NULL,
  `type` varchar(255) CHARACTER SET utf8mb4 COLLATE utf8mb4_turkish_ci NOT NULL,
  `registration_year` int(4) NULL DEFAULT NULL,
  `semester` int(1) NULL DEFAULT NULL,
  PRIMARY KEY (`id`) USING BTREE
) ENGINE = InnoDB AUTO_INCREMENT = 4 CHARACTER SET = utf8mb4 COLLATE = utf8mb4_turkish_ci ROW_FORMAT = Dynamic;

-- ----------------------------
-- Records of users
-- ----------------------------
INSERT INTO `users` VALUES (1, 'umutbulak@ogr.iuc.edu.tr', 'deneme123', 'student', 2018, 1);
INSERT INTO `users` VALUES (2, 'yahya@ogr.iuc.edu.tr', 'yahya123', 'student', 2017, 2);
INSERT INTO `users` VALUES (3, 'hoca@gmail.com', 'benhoca123', 'lecturer', 2005, NULL);

SET FOREIGN_KEY_CHECKS = 1;
